date,btc_price_usd,eth_price_usd,lpt_price_usd,btc_volume,eth_volume,lpt_volume,fear_greed_index
2022-02-18,40030.9765625,2785.7275390625,25.022808074951172,23310007704,15748173433,15616298,30.0
2022-02-19,40122.15625,2763.701171875,25.40627670288086,13736557863,9774183169,12228622,25.0
2022-02-20,38431.37890625,2628.6484375,23.758207321166992,18340576452,11641437834,16456970,27.0
2022-02-21,37075.28125,2573.816162109375,21.896465301513672,29280402798,18646392740,24983568,25.0
2022-02-22,38286.02734375,2639.29931640625,23.699790954589844,25493150450,16360200507,22522598,20.0
2022-02-23,37296.5703125,2590.359619140625,22.25290870666504,21849073843,13382637240,19698803,25.0
2022-02-24,38332.609375,2598.067138671875,22.363563537597656,46383802093,29312342666,41620846,23.0
2022-02-25,39214.21875,2764.53564453125,25.21072006225586,26545599159,17208902048,36058324,27.0
2022-02-26,39105.1484375,2781.11181640625,24.377256393432617,17467554129,11724648351,19531822,26.0
2022-02-27,37709.78515625,2621.8017578125,23.97368621826172,23450127612,16150857254,20976915,26.0
2022-02-28,43193.234375,2919.201171875,26.272184371948242,35690014104,19266124733,22145223,20.0
2022-03-01,44354.63671875,2972.485107421875,27.24201011657715,32479047645,18757425786,29933347,51.0
2022-03-02,43924.1171875,2950.118408203125,26.586156845092773,29183112630,16636517503,25581559,52.0
2022-03-03,42451.7890625,2834.468994140625,25.216257095336914,24967782593,13091199728,22194829,39.0
2022-03-04,39137.60546875,2617.156005859375,22.876100540161133,28516271427,14496939024,26045863,33.0
2022-03-05,39400.5859375,2664.8310546875,23.35033416748047,16975917450,8072368396,15309332,22.0
2022-03-06,38419.984375,2555.037353515625,22.062829971313477,19745229902,8872976607,14321543,22.0
2022-03-07,38062.0390625,2497.771240234375,22.40756607055664,28546143503,14594098731,17240132,23.0
2022-03-08,38737.26953125,2576.74755859375,23.313631057739258,25776583476,13922922903,21389238,21.0
2022-03-09,41982.92578125,2729.783447265625,25.069021224975586,32284121034,14173665398,19107797,22.0
2022-03-10,39437.4609375,2608.048583984375,24.173898696899414,31078064711,13292477213,17138722,28.0
2022-03-11,38794.97265625,2559.56298828125,22.90887451171875,26364890465,12382419582,18256836,22.0
2022-03-12,38904.01171875,2574.754150390625,23.002445220947266,14616450657,6532996574,11288635,22.0
2022-03-13,37849.6640625,2518.944580078125,22.27129554748535,17300745310,8632000379,11394399,21.0
2022-03-14,39666.75390625,2590.696044921875,23.370290756225586,24322159070,11244398839,19633773,23.0
2022-03-15,39338.78515625,2620.149658203125,23.106632232666016,23934000868,12861105614,16970910,21.0
2022-03-16,41143.9296875,2772.0556640625,24.151348114013672,39616916192,17915109769,18193228,24.0
2022-03-17,40951.37890625,2814.8544921875,24.861169815063477,22009601093,12685265194,20442845,27.0
2022-03-18,41801.15625,2945.343017578125,25.78144073486328,34421564942,15830879093,21079342,25.0
2022-03-19,42190.65234375,2946.257080078125,27.630348205566406,19664853187,11576463120,33834298,28.0
2022-03-20,41247.82421875,2860.459228515625,26.22886085510254,20127946682,12684727326,18979426,31.0
2022-03-21,41077.99609375,2897.9765625,26.78289031982422,24615543271,15206116098,18705407,30.0
2022-03-22,42358.80859375,2973.131103515625,27.96736717224121,32004652376,16830539230,26232296,26.0
2022-03-23,42892.95703125,3031.067138671875,28.530851364135742,25242943069,16008767658,18110034,31.0
2022-03-24,43960.93359375,3108.06201171875,27.9578857421875,31042992291,18070503166,18137527,40.0
2022-03-25,44348.73046875,3106.67138671875,27.751073837280273,30574413034,17030503831,10931129,47.0
2022-03-26,44500.828125,3143.178955078125,27.41815757751465,16950455995,8876420740,12041016,51.0
2022-03-27,46820.4921875,3291.57763671875,29.076961517333984,28160889722,13431866834,18892509,49.0
2022-03-28,47128.00390625,3336.634521484375,28.477802276611328,36362175703,20620450770,24557586,60.0
2022-03-29,47465.73046875,3401.98779296875,29.314165115356445,31397059069,19533323636,16722140,56.0
2022-03-30,47062.6640625,3385.157958984375,30.677898406982422,29333883962,15302506131,16236276,55.0
2022-03-31,45538.67578125,3281.642822265625,27.74138069152832,33327427106,17685495686,27005061,52.0
2022-04-01,46281.64453125,3449.55224609375,28.797454833984375,38162644287,20982988937,27221905,50.0
2022-04-02,45868.94921875,3445.059326171875,29.410829544067383,29336594194,23571556215,22236579,52.0
2022-04-03,46453.56640625,3522.83349609375,29.553298950195312,25414397610,15333808649,15921744,48.0
2022-04-04,46622.67578125,3521.2412109375,27.935075759887695,32499785455,18209969743,17258055,52.0
2022-04-05,45555.9921875,3411.79248046875,27.342693328857422,29640604055,16681503199,13244013,53.0
2022-04-06,43206.73828125,3171.69189453125,24.03171730041504,39393395788,25632563639,24554915,48.0
2022-04-07,43503.84765625,3233.274658203125,25.30129051208496,26101973106,16745496605,13955567,34.0
2022-04-08,42287.6640625,3192.073974609375,23.90633773803711,27215995394,17557050669,13741486,37.0
2022-04-09,42782.13671875,3261.916259765625,25.266916275024414,16050772496,9908112156,12650041,30.0
2022-04-10,42207.671875,3211.866943359375,24.258869171142578,17654475582,10427054790,10495653,34.0
2022-04-11,39521.90234375,2981.05224609375,22.27650260925293,33949912166,21891804831,13921044,32.0
2022-04-12,40127.18359375,3030.37646484375,23.82101058959961,30991500854,20235707410,14750202,20.0
2022-04-13,41166.73046875,3118.34423828125,24.3890438079834,27691105228,16088473629,11399874,25.0
2022-04-14,39935.515625,3019.909423828125,23.926244735717773,24342001973,15821419931,10030702,28.0
2022-04-15,40553.46484375,3040.91650390625,23.300310134887695,21756855753,11256651536,9589783,22.0
2022-04-16,40424.484375,3062.310302734375,22.98244857788086,16833150693,8766710365,6444438,28.0
2022-04-17,39716.953125,2993.4033203125,22.251798629760742,19087633042,10463091281,13521174,28.0
2022-04-18,40826.21484375,3057.606689453125,23.35869789123535,33705182072,18629381299,23436902,24.0
2022-04-19,41502.75,3104.1064453125,24.05445671081543,25303206547,14156035096,36110217,27.0
2022-04-20,41374.37890625,3077.745849609375,23.384279251098633,27819532341,15547362265,46526610,27.0
2022-04-21,40527.36328125,2987.480712890625,25.682750701904297,35372786395,20783591093,156773186,27.0
2022-04-22,39740.3203125,2964.835693359375,25.811946868896484,28011716745,16782795477,82118015,26.0
2022-04-23,39486.73046875,2938.114013671875,26.218639373779297,16138021249,9116955609,67882791,24.0
2022-04-24,39469.29296875,2922.732666015625,26.11503791809082,17964398167,9696829579,64458195,24.0
2022-04-25,40458.30859375,3009.3935546875,26.39732551574707,35445730570,22332690614,68468977,23.0
2022-04-26,38117.4609375,2808.29833984375,23.461978912353516,34569088416,19052045399,61352429,27.0
2022-04-27,39241.12109375,2888.9296875,24.726314544677734,30981015184,17419284041,43706567,21.0
2022-04-28,39773.828125,2936.94091796875,24.39971351623535,33903704907,18443524633,45351970,24.0
2022-04-29,38609.82421875,2815.601806640625,23.394081115722656,30882994649,18771041399,40701152,23.0
2022-04-30,37714.875,2730.186767578125,22.02358055114746,23895713731,13520941867,48722698,20.0
2022-05-01,38469.09375,2827.756103515625,23.07596206665039,27002760110,15332730152,52465971,22.0
2022-05-02,38529.328125,2857.410400390625,22.044578552246094,32922642426,18609741545,38424741,28.0
2022-05-03,37750.453125,2783.476318359375,21.79175567626953,27326943244,13026093219,54430093,27.0
2022-05-04,39698.37109375,2940.644775390625,23.92498207092285,36754404490,18186749944,44049775,21.0
2022-05-05,36575.140625,2749.213134765625,21.507368087768555,43106256317,22642925048,47023728,27.0
2022-05-06,36040.921875,2694.979736328125,21.766820907592773,37795577489,21027599270,51745370,22.0
2022-05-07,35501.953125,2636.093017578125,21.924955368041992,24375896406,13369276367,42617610,23.0
2022-05-08,34059.265625,2517.4599609375,20.2580509185791,36763041910,20802269935,56182651,18.0
2022-05-09,30296.953125,2245.430419921875,17.705324172973633,63355494961,36333567678,58651797,11.0
2022-05-10,31022.90625,2343.510986328125,17.714107513427734,59811038817,38202099639,70453255,10.0
2022-05-11,28936.35546875,2072.108642578125,14.340806007385254,70388855818,45743399154,57979633,12.0
2022-05-12,29047.751953125,1961.7015380859375,14.28188705444336,66989173272,42463486402,32599233,12.0
2022-05-13,29283.103515625,2014.418212890625,14.697966575622559,42841124537,24816096567,22816719,10.0
2022-05-14,30101.265625,2056.27392578125,15.077503204345703,28579868620,15457044616,15615705,9.0
2022-05-15,31305.11328125,2145.706787109375,15.813821792602539,25835372065,14846088335,15629496,10.0
2022-05-16,29862.91796875,2022.7259521484375,14.547637939453125,32613897286,21459552191,14890693,14.0
2022-05-17,30425.857421875,2090.4091796875,15.250635147094727,29101473475,18509929297,17092613,8.0
2022-05-18,28720.271484375,1916.6561279296875,13.277732849121094,31285268319,17740965589,18685909,12.0
2022-05-19,30314.333984375,2018.336181640625,14.358763694763184,33773447707,18734247914,20264031,13.0
2022-05-20,29200.740234375,1961.315673828125,15.656315803527832,30749382605,15892482289,34821346,13.0
2022-05-21,29432.2265625,1974.518310546875,15.055076599121094,17274840442,8546822406,44317971,13.0
2022-05-22,30323.72265625,2043.170166015625,15.388372421264648,21631532270,10941123403,30404344,14.0
2022-05-23,29098.91015625,1972.181884765625,14.174630165100098,31483454557,16434529708,36763053,10.0
2022-05-24,29655.5859375,1978.9827880859375,13.629096031188965,26616506245,13057109007,37286376,12.0
2022-05-25,29562.361328125,1944.827880859375,13.32895565032959,27525063551,13364545730,33183551,11.0
2022-05-26,29267.224609375,1803.913330078125,12.136842727661133,36774325352,23458681818,33913585,12.0
2022-05-27,28627.57421875,1724.9228515625,12.05044937133789,36582005748,25470760032,36574554,12.0
2022-05-28,28814.900390625,1757.9417724609375,12.05639362335205,35519577634,23214777872,35101234,13.0
2022-05-29,29445.95703125,1812.031005859375,12.698015213012695,18093886409,10642556101,26997193,14.0
2022-05-30,31726.390625,1996.4412841796875,13.518135070800781,39277993274,19580808705,33247981,10.0
2022-05-31,31792.310546875,1942.3280029296875,12.849823951721191,33538210634,18363115560,35052125,16.0
2022-06-01,29799.080078125,1823.5693359375,12.172128677368164,41135817341,21037797760,38386978,17.0
2022-06-02,30467.48828125,1834.1505126953125,12.274264335632324,29083562061,17065041354,32080598,13.0
2022-06-03,29704.390625,1775.07861328125,12.016478538513184,26175547452,14878001811,26277858,10.0
2022-06-04,29832.9140625,1801.6094970703125,12.403348922729492,16588370958,8677951273,25746631,14.0
2022-06-05,29906.662109375,1805.2049560546875,12.340165138244629,17264085441,8850385937,27337581,10.0
2022-06-06,31370.671875,1859.2896728515625,12.598773956298828,31947336829,16518471852,28304276,13.0
2022-06-07,31155.478515625,1814.04833984375,12.116077423095703,40770974039,24020076750,34435300,15.0
2022-06-08,30214.35546875,1793.572265625,12.33680534362793,30242059107,18041476023,37620579,17.0
2022-06-09,30111.998046875,1789.8260498046875,12.062947273254395,21692004719,12013083393,41214223,11.0
2022-06-10,29083.8046875,1665.042236328125,11.223128318786621,29867476527,18504740451,30640602,13.0
2022-06-11,28360.810546875,1529.6634521484375,10.184586524963379,27246574439,21127089064,34595395,12.0
2022-06-12,26762.6484375,1445.216552734375,9.409956932067871,34163220274,23465074882,28281213,14.0
2022-06-13,22487.388671875,1204.582763671875,8.369038581848145,68204556440,45162788786,35795801,11.0
2022-06-14,22206.79296875,1211.662841796875,8.096824645996094,50913575242,33327826525,31017164,8.0
2022-06-15,22572.83984375,1233.2064208984375,8.430638313293457,54912007015,37539999450,29022371,7.0
2022-06-16,20381.650390625,1067.730712890625,7.12514591217041,31183975654,18907671369,22575072,7.0
2022-06-17,20471.482421875,1086.519287109375,7.7263031005859375,27132421514,14591486540,20077542,9.0
2022-06-18,19017.642578125,993.6367797851562,7.081860065460205,42009436760,21655406608,20648555,6.0
2022-06-19,20553.271484375,1127.656494140625,7.54780387878418,35329942625,21795481981,19439744,6.0
2022-06-20,20599.537109375,1127.6424560546875,8.082399368286133,30818458597,19739691429,21777421,9.0
2022-06-21,20710.59765625,1124.8245849609375,8.32481861114502,28970212744,15632089439,22753870,9.0
2022-06-22,19987.029296875,1051.421875,7.893570899963379,28574793478,15010593493,20914088,11.0
2022-06-23,21085.876953125,1143.38671875,8.638825416564941,26188097173,14657862919,19833813,11.0
2022-06-24,21231.65625,1226.8447265625,10.567106246948242,24957784918,16981552654,35305395,11.0
2022-06-25,21502.337890625,1243.4468994140625,9.615277290344238,18372538715,12481946184,25354096,14.0
2022-06-26,21027.294921875,1199.8316650390625,9.088088035583496,18027170497,12096607824,20814349,14.0
2022-06-27,20735.478515625,1193.6806640625,9.406087875366211,20965695707,12492225250,24790956,12.0
2022-06-28,20280.634765625,1144.5792236328125,9.092008590698242,21381535161,14023205651,23545264,10.0
2022-06-29,20104.0234375,1098.94384765625,10.339774131774902,23552740328,15386286815,43801975,13.0
2022-06-30,19784.7265625,1067.298828125,9.306642532348633,26267239923,16350755497,27139992,11.0
2022-07-01,19269.3671875,1059.767333984375,8.390813827514648,30767551159,17499453625,24563338,11.0
2022-07-02,19242.255859375,1066.5128173828125,8.325409889221191,18100418740,9935603640,19949172,14.0
2022-07-03,19297.076171875,1073.7669677734375,8.2006254196167,16390821947,8557248150,17491867,11.0
2022-07-04,20231.26171875,1151.05908203125,8.523344993591309,21594638208,13670889311,19494446,14.0
2022-07-05,20190.115234375,1134.541015625,8.339982986450195,26715546990,16195518291,20236766,19.0
2022-07-06,20548.24609375,1186.9739990234375,8.719038963317871,24598943708,15373536703,10228397,18.0
2022-07-07,21637.587890625,1237.5933837890625,8.989668846130371,25814972520,14230795894,15485935,18.0
2022-07-08,21731.1171875,1222.5062255859375,9.114354133605957,49899834488,16315929082,23704206,20.0
2022-07-09,21592.20703125,1216.978271484375,9.502776145935059,29641127858,8821353104,19872205,24.0
2022-07-10,20860.44921875,1168.401611328125,9.16522216796875,28688807249,10984558039,18669025,24.0
2022-07-11,19970.556640625,1097.236572265625,8.252785682678223,24150249025,12064180410,19861992,22.0
2022-07-12,19323.9140625,1038.191650390625,7.787723064422607,25810220018,12583282453,21853409,16.0
2022-07-13,20212.07421875,1113.587158203125,8.114302635192871,33042430345,18302588147,23193973,15.0
2022-07-14,20569.919921875,1191.5262451171875,8.27881908416748,31158743333,16688640823,20872057,18.0
2022-07-15,20836.328125,1233.129150390625,8.560050010681152,25905575359,17411448225,21896571,15.0
2022-07-16,21190.31640625,1352.62646484375,8.752279281616211,24302954056,18364013796,21009673,21.0
2022-07-17,20779.34375,1338.6357421875,9.076384544372559,22927802083,16079711737,22559166,24.0
2022-07-18,22485.689453125,1578.7178955078125,9.625351905822754,39974475562,27440420623,30253595,20.0
2022-07-19,23389.43359375,1542.9752197265625,9.737859725952148,48765202697,27753529276,27504456,30.0
2022-07-20,23231.732421875,1520.20068359375,9.019767761230469,42932549127,22942708340,24206366,31.0
2022-07-21,23164.62890625,1576.74951171875,9.224230766296387,33631012204,20009556587,22890059,34.0
2022-07-22,22714.978515625,1537.4051513671875,8.961482048034668,31421555646,18926100582,21435096,33.0
2022-07-23,22465.478515625,1549.2974853515625,9.011055946350098,24021799169,14998811383,21309426,31.0
2022-07-24,22609.1640625,1599.4766845703125,9.120805740356445,23565495303,17217849557,20762594,30.0
2022-07-25,21361.701171875,1445.3834228515625,8.432653427124023,35574561406,20585056021,20112411,30.0
2022-07-26,21239.75390625,1441.8067626953125,8.269173622131348,28624673855,18238563509,20555494,26.0
2022-07-27,22930.548828125,1636.232666015625,8.788488388061523,31758955233,23007524016,25629494,28.0
2022-07-28,23843.88671875,1725.4681396484375,11.997430801391602,40212386158,27231399966,136974423,32.0
2022-07-29,23804.6328125,1727.406982421875,12.53454303741455,35887249746,23249531113,218427566,39.0
2022-07-30,23656.20703125,1695.969482421875,11.632969856262207,28148218301,15576977870,62596943,42.0
2022-07-31,23336.896484375,1681.517333984375,11.51546859741211,23553591896,14200735370,37262481,39.0
2022-08-01,23314.19921875,1635.19580078125,11.234585762023926,25849159141,16191371176,33317088,33.0
2022-08-02,22978.1171875,1632.9454345703125,11.063517570495605,28389250717,20426082309,33090399,31.0
2022-08-03,22846.5078125,1618.87451171875,10.802254676818848,26288169966,16786218830,31800634,34.0
2022-08-04,22630.95703125,1608.205810546875,11.052048683166504,25120229769,14467440626,35694812,30.0
2022-08-05,23289.314453125,1732.254638671875,12.008163452148438,28881249043,18546491876,23505285,31.0
2022-08-06,22961.279296875,1691.6580810546875,11.649256706237793,15978259885,11757911705,8055854,31.0
2022-08-07,23175.890625,1699.350830078125,11.716970443725586,15886817043,10252090340,11774505,30.0
2022-08-08,23809.486328125,1775.51611328125,11.726396560668945,28575544847,16841424404,15259301,30.0
2022-08-09,23164.318359375,1703.0250244140625,11.33457088470459,23555719219,16368619692,9049201,42.0
2022-08-10,23947.642578125,1851.74267578125,12.136554718017578,32837431722,23512477984,17680107,31.0
2022-08-11,23957.529296875,1881.22412109375,11.768964767456055,37127036580,23826986482,10376703,41.0
2022-08-12,24402.818359375,1957.2464599609375,12.391518592834473,27265804688,17168141904,60653770,42.0
2022-08-13,24424.068359375,1981.3365478515625,12.17877197265625,22987346289,16038975216,9162101,46.0
2022-08-14,24319.333984375,1936.802001953125,11.830527305603027,22994133555,14062754456,8091015,47.0
2022-08-15,24136.97265625,1904.2281494140625,11.959259033203125,35123501685,20349931313,10312109,45.0
2022-08-16,23883.291015625,1878.139404296875,12.332386016845703,27753685646,15637578930,13104485,44.0
2022-08-17,23335.998046875,1832.9996337890625,11.323328018188477,30931623076,20308508124,13698841,41.0
2022-08-18,23212.73828125,1847.0078125,11.01037311553955,23747613147,14999352229,10070148,30.0
2022-08-19,20877.552734375,1612.9873046875,9.79110336303711,40509610260,25906358731,14776401,33.0
2022-08-20,21166.060546875,1577.0037841796875,9.99254035949707,27595671000,18334580263,15164410,29.0
2022-08-21,21534.12109375,1619.3189697265625,10.375784873962402,23102307723,15849221752,5720820,27.0
2022-08-22,21398.908203125,1622.505859375,10.094945907592773,31666498758,18557078599,7170482,29.0
2022-08-23,21528.087890625,1662.7698974609375,10.606863975524902,31878280659,18322041914,10882006,28.0
2022-08-24,21395.01953125,1657.0592041015625,11.105246543884277,31962253368,16780932907,15564614,25.0
2022-08-25,21600.904296875,1696.45703125,11.370623588562012,31028679593,14818795695,15143175,25.0
2022-08-26,20260.01953125,1507.7828369140625,10.53768253326416,42326789564,26713710143,21205647,27.0
2022-08-27,20041.73828125,1491.39501953125,10.012454986572266,30116729776,18120831899,10076148,28.0
2022-08-28,19616.814453125,1430.54736328125,9.499597549438477,24366810591,12823572918,9534168,28.0
2022-08-29,20297.994140625,1553.037353515625,10.243291854858398,32637854078,17965837488,8650446,24.0
2022-08-30,19796.80859375,1523.8388671875,10.103919982910156,34483360283,21835784470,9237797,27.0
2022-08-31,20049.763671875,1553.6849365234375,10.133846282958984,33225232872,20591680941,7936080,23.0
2022-09-01,20127.140625,1586.1767578125,10.075957298278809,30182031010,16434276817,7869221,20.0
2022-09-02,19969.771484375,1577.220458984375,10.169025421142578,29123998928,17708478709,8426317,25.0
2022-09-03,19832.087890625,1556.8726806640625,10.161088943481445,23613051457,9516825994,6587379,21.0
2022-09-04,19986.712890625,1577.6416015625,10.530647277832031,25245861652,8884144998,8820866,20.0
2022-09-05,19812.37109375,1617.1832275390625,10.790497779846191,28813460025,13060541168,9064271,23.0
2022-09-06,18837.66796875,1561.74853515625,9.495097160339355,43403978910,22946059125,11952617,22.0
2022-09-07,19290.32421875,1629.9063720703125,10.194623947143555,35239757134,19560363854,8151739,24.0
2022-09-08,19329.833984375,1635.34765625,9.922245979309082,32194477850,17621046717,13667413,20.0
2022-09-09,21381.15234375,1719.08544921875,10.702889442443848,48469528171,20242323690,13195024,22.0
2022-09-10,21680.5390625,1776.2037353515625,10.952103614807129,36913738894,13130928217,21331871,28.0
2022-09-11,21769.255859375,1761.800048828125,11.224003791809082,34493951963,12464301922,9659858,26.0
2022-09-12,22370.44921875,1713.7652587890625,10.981134414672852,50212088965,17688391310,10281627,25.0
2022-09-13,20296.70703125,1580.7879638671875,9.792718887329102,51091116622,23066821734,13203441,34.0
2022-09-14,20241.08984375,1634.7550048828125,9.961902618408203,37872380889,17897150206,6721873,27.0
2022-09-15,19701.2109375,1471.6934814453125,9.277275085449219,36389011503,26946275878,9677450,28.0
2022-09-16,19772.583984375,1432.44775390625,9.40477180480957,30123362273,16764804299,8118406,20.0
2022-09-17,20127.576171875,1469.74169921875,9.62522029876709,24957448100,10798098671,4161261,22.0
2022-09-18,19419.505859375,1335.3291015625,8.674872398376465,31254779144,15762284723,6949912,27.0
2022-09-19,19544.12890625,1377.5413818359375,9.105730056762695,40177002624,18712714223,8979470,21.0
2022-09-20,18890.7890625,1324.38818359375,8.997262954711914,36791346508,14722317220,6522570,23.0
2022-09-21,18547.400390625,1252.6077880859375,8.798112869262695,46363793975,20643507800,9227968,23.0
2022-09-22,19413.55078125,1327.68017578125,9.483434677124023,41135767926,18461527259,6515707,22.0
2022-09-23,19297.638671875,1328.259521484375,9.56149673461914,38896078052,18771106339,7684250,20.0
2022-09-24,18937.01171875,1317.9932861328125,9.36389446258545,26149643168,12098209717,5208507,24.0
2022-09-25,18802.09765625,1294.216796875,9.254096984863281,23359966112,11802651633,4274411,24.0
2022-09-26,19222.671875,1335.3201904296875,9.075518608093262,44148798321,16034549271,6190852,21.0
2022-09-27,19110.546875,1330.127685546875,8.932920455932617,58571439619,17870598937,11216654,20.0
2022-09-28,19426.720703125,1337.410888671875,8.861332893371582,53071298734,18994979566,5752478,20.0
2022-09-29,19573.05078125,1335.65234375,9.030877113342285,41037843771,13796915736,5891568,22.0
2022-09-30,19431.7890625,1327.9786376953125,9.014777183532715,43975248085,14250100093,5871149,21.0
2022-10-01,19312.095703125,1311.6444091796875,9.028260231018066,18719537670,6227961237,2947398,20.0
2022-10-02,19044.107421875,1276.093505859375,8.737088203430176,20765955327,7578351650,3949361,24.0
2022-10-03,19623.580078125,1323.439208984375,9.014941215515137,30484729489,10153070907,3833618,24.0
2022-10-04,20336.84375,1362.1265869140625,9.285872459411621,35887278685,10139774963,15216138,20.0
2022-10-05,20160.716796875,1352.837158203125,9.238569259643555,33223790572,9774451820,5097417,25.0
2022-10-06,19955.443359375,1351.70947265625,9.420331954956055,34711412966,12033514861,9222550,26.0
2022-10-07,19546.849609375,1332.5169677734375,9.269412994384766,29227315390,10061619355,3887623,23.0
2022-10-08,19416.568359375,1315.50048828125,9.213269233703613,16437423167,5804676208,3663216,24.0
2022-10-09,19446.42578125,1322.604248046875,9.371072769165039,16837262532,5486230123,2557568,22.0
2022-10-10,19141.484375,1291.337646484375,9.11677074432373,27425022774,8794491050,4490285,22.0
2022-10-11,19051.41796875,1279.57568359375,8.827502250671387,28711532910,9274845260,4079985,24.0
2022-10-12,19157.4453125,1294.9063720703125,8.848410606384277,24950173846,8355638578,2861696,20.0
2022-10-13,19382.904296875,1288.1239013671875,8.673800468444824,44219840004,17499038202,7422104,20.0
2022-10-14,19185.65625,1297.422119140625,8.425039291381836,38452356727,13113767755,3593291,24.0
2022-10-15,19067.634765625,1274.8717041015625,8.452705383300781,16192235532,6798512624,3196831,24.0
2022-10-16,19268.09375,1306.296630859375,8.698433876037598,17988916650,7491625206,3088132,24.0
2022-10-17,19550.7578125,1331.713623046875,8.881307601928711,27472552998,9401189650,3534579,20.0
2022-10-18,19334.416015625,1310.447021484375,8.694807052612305,30580012344,10416747806,3855494,22.0
2022-10-19,19139.53515625,1285.7442626953125,8.395480155944824,22425387184,8350692785,3533212,23.0
2022-10-20,19053.740234375,1283.200927734375,8.825151443481445,24493974420,9009111996,5428630,23.0
2022-10-21,19172.46875,1299.9464111328125,8.77706527709961,32459287866,10412565245,4718031,23.0
2022-10-22,19208.189453125,1314.2991943359375,8.801302909851074,16104440957,7175324564,3127589,20.0
2022-10-23,19567.0078125,1363.447021484375,8.969429016113281,22128794335,9909510925,3445036,23.0
2022-10-24,19345.572265625,1344.99853515625,8.697430610656738,30202235805,13092820173,3814720,22.0
2022-10-25,20095.857421875,1461.6654052734375,8.9622802734375,47761524910,25367291294,4036493,20.0
2022-10-26,20770.44140625,1566.566650390625,9.311827659606934,58895950537,32705548427,4999185,33.0
2022-10-27,20285.8359375,1514.3748779296875,9.03937816619873,49625110402,22813499245,5729633,32.0
2022-10-28,20595.3515625,1555.4779052734375,9.293204307556152,43994715910,19974623205,4972383,30.0
2022-10-29,20818.4765625,1619.698486328125,9.424071311950684,40369840645,21618154775,7044999,34.0
2022-10-30,20635.603515625,1590.7833251953125,9.326664924621582,31486345556,13930073427,4737285,34.0
2022-10-31,20495.7734375,1572.7144775390625,9.381072044372559,45668466815,19306919714,6515607,31.0
2022-11-01,20485.2734375,1579.70458984375,9.427515983581543,39819303159,14507311208,3881841,30.0
2022-11-02,20159.50390625,1519.7117919921875,9.147331237792969,55552169483,23254218281,6469739,30.0
2022-11-03,20209.98828125,1531.541748046875,10.24717903137207,43228750179,14248351007,45067490,30.0
2022-11-04,21147.23046875,1645.0933837890625,10.626662254333496,64072727950,20806964347,8879843,30.0
2022-11-05,21282.69140625,1627.968017578125,10.352750778198242,37846047609,11006973190,7415987,38.0
2022-11-06,20926.486328125,1572.2347412109375,9.849100112915039,35082693210,11632744705,13657598,40.0
2022-11-07,20602.81640625,1568.59130859375,10.96712589263916,53510852236,15279963349,37336600,33.0
2022-11-08,18541.271484375,1332.8355712890625,8.621520042419434,118992465607,42048003440,31521749,31.0
2022-11-09,15880.7802734375,1100.1697998046875,7.112736225128174,102905151606,38864492427,18036764,29.0
2022-11-10,17586.771484375,1299.464599609375,8.03516674041748,83202283721,28581002122,14833834,22.0
2022-11-11,17034.29296875,1287.2210693359375,7.649827003479004,55871616488,20920539099,10323561,25.0
2022-11-12,16799.185546875,1255.268310546875,6.79380989074707,29717699419,10964962767,7381573,21.0
2022-11-13,16353.365234375,1221.8192138671875,6.704306125640869,27209183682,10717455214,6624174,22.0
2022-11-14,16618.19921875,1241.604248046875,6.921374797821045,49630243054,15028035663,5846537,24.0
2022-11-15,16884.61328125,1251.7362060546875,7.33082914352417,36599436183,11798011594,6012347,22.0
2022-11-16,16669.439453125,1215.6025390625,7.137800216674805,33925512989,11939561598,5139455,23.0
2022-11-17,16687.517578125,1200.80859375,7.2856011390686035,27868914022,9723646871,4115264,20.0
2022-11-18,16697.77734375,1212.30029296875,7.27629280090332,26862218609,7979913378,2982781,23.0
2022-11-19,16711.546875,1218.4267578125,7.401035785675049,16106223492,5978745776,3228699,23.0
2022-11-20,16291.83203125,1142.4666748046875,6.9407172203063965,21313378652,9651002684,3355177,24.0
2022-11-21,15787.2841796875,1108.35302734375,6.950676918029785,37429485518,14080099208,4224991,21.0
2022-11-22,16189.76953125,1135.1734619140625,7.1420698165893555,30726828760,12040670755,3735195,22.0
2022-11-23,16610.70703125,1183.1995849609375,7.324714183807373,32958875628,11242676044,3757101,22.0
2022-11-24,16604.46484375,1203.983154296875,7.4169111251831055,26129037414,9706372376,3672818,20.0
2022-11-25,16521.841796875,1198.9259033203125,7.500126838684082,18678255976,5483308196,4644538,20.0
2022-11-26,16464.28125,1205.89794921875,7.370591163635254,18000008764,5074160558,7713901,22.0
2022-11-27,16444.626953125,1195.126953125,7.436141014099121,20443898509,4486976868,4181631,26.0
2022-11-28,16217.322265625,1170.086181640625,7.457034111022949,27743025156,7275411870,4245120,28.0
2022-11-29,16444.982421875,1216.9012451171875,7.426473140716553,23581685468,7639405818,3760292,26.0
2022-11-30,17168.56640625,1295.6885986328125,7.552492141723633,29523576583,9836925304,4272595,29.0
2022-12-01,16967.1328125,1276.27392578125,7.50482702255249,22895392882,6857935276,4670445,27.0
2022-12-02,17088.66015625,1294.3033447265625,7.618926048278809,19539705127,6213645709,4397004,27.0
2022-12-03,16908.236328125,1243.3348388671875,7.336260795593262,16217776704,5672609405,6503561,27.0
2022-12-04,17130.486328125,1280.256591796875,7.492278099060059,16824520830,5174128454,4185964,26.0
2022-12-05,16974.826171875,1259.6767578125,7.569410800933838,22209086834,6120359523,4962662,26.0
2022-12-06,17089.50390625,1271.65380859375,7.557419776916504,19889922369,5089212680,6036385,25.0
2022-12-07,16848.126953125,1232.4375,7.17303991317749,19675404389,5752205180,6747793,29.0
2022-12-08,17233.474609375,1281.1163330078125,7.274417877197266,20496603770,6227269815,10260626,25.0
2022-12-09,17133.15234375,1264.2847900390625,7.243863105773926,20328426366,5706183865,4944088,26.0
2022-12-10,17128.724609375,1266.3841552734375,7.308391094207764,12706781969,3282499999,8012525,27.0
2022-12-11,17104.193359375,1263.8685302734375,7.048954010009766,14122486832,3362005848,4916824,26.0
2022-12-12,17206.4375,1274.6190185546875,6.815965175628662,19617581341,5151109364,4563918,27.0
2022-12-13,17781.318359375,1320.5491943359375,6.7003350257873535,26634741631,8812883119,7523787,27.0
2022-12-14,17815.650390625,1309.3287353515625,6.743657112121582,25534481470,7830915428,6226640,30.0
2022-12-15,17364.865234375,1266.3538818359375,6.4769721031188965,20964448341,6032859783,4083557,31.0
2022-12-16,16647.484375,1168.2593994140625,5.58137321472168,24031608960,9297811507,5824046,29.0
2022-12-17,16795.091796875,1188.1495361328125,5.777490139007568,14463581825,5077258586,3790869,28.0
2022-12-18,16757.9765625,1184.7152099609375,5.70858097076416,10924354698,3350092519,2791452,26.0
2022-12-19,16439.6796875,1167.60986328125,5.397558212280273,17221074814,4943628091,4189049,29.0
2022-12-20,16906.3046875,1217.70361328125,5.721879005432129,22722096615,6684951715,7098858,29.0
2022-12-21,16817.53515625,1213.5999755859375,5.659183979034424,14882945045,4217182733,5458079,26.0
2022-12-22,16830.341796875,1218.18212890625,5.668978214263916,16441573050,5297471739,5751515,28.0
2022-12-23,16796.953125,1220.159423828125,5.633052825927734,15329265213,4835831923,5109623,27.0
2022-12-24,16847.755859375,1221.1485595703125,5.612820148468018,9744636213,2626153345,5072498,29.0
2022-12-25,16841.986328125,1218.9620361328125,5.635810852050781,11656379938,3942720070,5296196,29.0
2022-12-26,16919.8046875,1226.974365234375,5.429768085479736,11886957804,3282098400,6013004,28.0
2022-12-27,16717.173828125,1212.7916259765625,5.080965995788574,15748580239,4091530737,5468011,27.0
2022-12-28,16552.572265625,1189.986083984375,4.674585819244385,17005713920,4991669631,5840072,28.0
2022-12-29,16642.341796875,1201.5953369140625,4.573089122772217,14472237479,4132233940,4962856,28.0
2022-12-30,16602.5859375,1199.2327880859375,4.456820964813232,15929162910,4055668253,7867482,28.0
2022-12-31,16547.49609375,1196.771240234375,4.547299861907959,11239186456,3018513333,9483338,25.0
2023-01-01,16625.080078125,1200.96484375,4.587386131286621,9244361700,2399674550,4760970,26.0
2023-01-02,16688.470703125,1214.6566162109375,4.66128396987915,12097775227,3765758498,6172136,27.0
2023-01-03,16679.857421875,1214.77880859375,4.706935882568359,13903079207,3392972131,5025717,26.0
2023-01-04,16863.23828125,1256.526611328125,4.71593713760376,18421743322,6404416893,4876653,29.0
2023-01-05,16836.736328125,1250.4385986328125,4.491110801696777,13692758566,4001786456,4301804,29.0
2023-01-06,16951.96875,1269.3790283203125,4.439969062805176,14413662913,4977252792,5343934,26.0
2023-01-07,16955.078125,1264.2703857421875,4.535613059997559,7714767174,2565213548,4427771,25.0
2023-01-08,17091.14453125,1287.3594970703125,4.695856094360352,9768827914,3495088905,4324184,25.0
2023-01-09,17196.5546875,1321.5389404296875,4.894011974334717,18624736866,7990438824,7507200,25.0
2023-01-10,17446.29296875,1336.5860595703125,4.980360984802246,15808338949,5830173253,9328715,26.0
2023-01-11,17934.896484375,1387.9327392578125,5.031355857849121,18372283782,6314904311,4579001,26.0
2023-01-12,18869.587890625,1417.9384765625,5.256018161773682,34971338710,12230193038,7106387,30.0
2023-01-13,19909.57421875,1451.6148681640625,5.544491767883301,29225029694,7684148212,6502637,31.0
2023-01-14,20976.298828125,1550.7069091796875,6.004732131958008,38967784639,15444626014,17175346,46.0
2023-01-15,20880.798828125,1552.4794921875,6.042555809020996,19298407543,6774614499,10716153,52.0
2023-01-16,21169.6328125,1576.83349609375,6.12251091003418,26792494050,8454485431,10945561,45.0
2023-01-17,21161.51953125,1567.8460693359375,6.045763969421387,24999983362,7599462786,7288019,51.0
2023-01-18,20688.78125,1515.5069580078125,5.421000957489014,30005625418,10354880595,7907821,52.0
2023-01-19,21086.79296875,1552.5565185546875,5.469299793243408,21152848261,6432638856,5438596,45.0
2023-01-20,22676.552734375,1659.754150390625,6.3812079429626465,28799154319,8528894754,11239472,51.0
2023-01-21,22777.625,1627.1181640625,6.3128981590271,32442278429,8859250310,14289634,53.0
2023-01-22,22720.416015625,1628.382080078125,6.578319072723389,24746386230,7517988734,10385402,53.0
2023-01-23,22934.431640625,1628.2510986328125,6.712674140930176,26518700512,8264507375,7686006,50.0
2023-01-24,22636.46875,1556.604248046875,6.628116130828857,26405069715,8180274691,9059568,52.0
2023-01-25,23117.859375,1611.7110595703125,7.528769016265869,30685366709,10598973448,86707144,51.0
2023-01-26,23032.77734375,1603.10595703125,7.55139684677124,26357839322,8395315241,21567853,54.0
2023-01-27,23078.728515625,1598.156494140625,7.57578706741333,25383335641,8124465373,13610735,55.0
2023-01-28,23031.08984375,1572.43505859375,7.341314792633057,14712928379,5803653357,5913842,52.0
2023-01-29,23774.56640625,1646.1556396484375,7.473080158233643,27423687259,8801292300,5402187,55.0
2023-01-30,22840.138671875,1567.3265380859375,7.129277229309082,27205595568,9180418120,7819771,61.0
2023-01-31,23139.283203125,1586.535400390625,7.3763017654418945,22837828665,6585191019,14388584,51.0
2023-02-01,23723.76953125,1641.792724609375,7.532505035400391,26683255504,8116969489,10440052,56.0
2023-02-02,23471.87109375,1643.2415771484375,7.577123165130615,32066936882,10558081069,8433984,60.0
2023-02-03,23449.322265625,1664.74560546875,8.410589218139648,27083066007,8169519805,24406658,60.0
2023-02-04,23331.84765625,1667.0592041015625,8.542445182800293,15639298538,5843302512,9456252,58.0
2023-02-05,22955.666015625,1631.6458740234375,8.481324195861816,19564262605,6926696531,13097831,58.0
2023-02-06,22760.109375,1616.2470703125,8.924036026000977,23825006542,6919871886,13253985,56.0
2023-02-07,23264.291015625,1672.0035400390625,10.35937786102295,27187964471,8030277434,37887175,54.0
2023-02-08,22939.3984375,1650.716796875,10.215777397155762,25371367758,7806089579,13335946,58.0
2023-02-09,21819.0390625,1546.438232421875,8.778135299682617,32572572185,10524969124,29875464,55.0
2023-02-10,21651.18359375,1514.869140625,8.988727569580078,27078406594,8397387897,12635329,48.0
2023-02-11,21870.875,1539.9267578125,9.525235176086426,16356226232,5064007416,10914855,49.0
2023-02-12,21788.203125,1515.03369140625,9.045145988464355,17821046406,5319698775,6043644,50.0
2023-02-13,21808.1015625,1507.1658935546875,8.694196701049805,23918742607,9363855114,11823065,48.0
2023-02-14,22220.8046875,1556.8751220703125,9.14314079284668,26792596581,9249575045,8346798,50.0
2023-02-15,24307.841796875,1673.7459716796875,9.522577285766602,32483312909,10015035156,12843461,53.0
2023-02-16,23623.474609375,1640.067626953125,9.120610237121582,39316664596,12704861676,13302310,62.0
2023-02-17,24565.6015625,1694.7833251953125,9.05922794342041,41358451255,9802443159,10548608,61.0
2023-02-18,24641.27734375,1691.8194580078125,9.069975852966309,19625427158,5491437195,10092571,60.0
2023-02-19,24327.642578125,1681.4361572265625,8.903072357177734,25555105670,6959144003,10131060,60.0
2023-02-20,24829.1484375,1702.6751708984375,9.05329418182373,28987376573,7703604237,8984912,58.0
2023-02-21,24436.353515625,1658.036376953125,8.620179176330566,31252098714,8721608198,11188193,60.0
2023-02-22,24188.84375,1643.231689453125,8.394448280334473,30199996781,9189387004,8335223,59.0
2023-02-23,23947.4921875,1651.0738525390625,8.282514572143555,30476264066,9013236167,7213101,56.0
2023-02-24,23198.126953125,1608.3731689453125,7.640911102294922,26811744928,8909129423,8743614,53.0
2023-02-25,23175.375,1594.9149169921875,7.524032115936279,16100721565,5657686235,9457790,52.0
2023-02-26,23561.212890625,1640.817138671875,7.774442195892334,16644534842,5727967432,4838038,51.0
2023-02-27,23522.87109375,1634.326416015625,7.614805221557617,22660763494,7239824677,6404813,50.0
2023-02-28,23147.353515625,1605.8951416015625,7.056971073150635,20535363434,6323676957,8656688,53.0
2023-03-01,23646.55078125,1663.4337158203125,7.205985069274902,24662841200,7701847224,10007542,50.0
2023-03-02,23475.466796875,1647.3193359375,6.970973014831543,20386398516,7080950926,8115445,51.0
2023-03-03,22362.6796875,1569.1676025390625,6.394277095794678,26062404610,9922240199,10946602,50.0
2023-03-04,22353.349609375,1566.9239501953125,6.005969047546387,11166012913,4389045367,7967992,50.0
2023-03-05,22435.513671875,1564.46875,5.938618183135986,13317001733,5020886238,6269416,47.0
2023-03-06,22429.7578125,1567.398681640625,6.175449848175049,17353192895,5245153345,6854339,48.0
2023-03-07,22219.76953125,1561.93310546875,6.00233793258667,22765452204,6854058349,7964902,49.0
2023-03-08,21718.080078125,1534.0882568359375,5.6611480712890625,22536575684,7130327525,9484077,50.0
2023-03-09,20363.021484375,1438.6607666015625,5.419504165649414,30364664171,9457897583,11929319,44.0
2023-03-10,20187.244140625,1429.1580810546875,5.293361186981201,39578257695,12665194936,10769505,34.0
2023-03-11,20632.41015625,1482.61669921875,5.005014896392822,30180288176,14917080154,11382453,33.0
2023-03-12,22163.94921875,1590.29296875,5.553855895996094,29279035521,11480965122,11203172,33.0
2023-03-13,24197.533203125,1680.3089599609375,5.715314865112305,49466362688,15711468959,15022356,49.0
2023-03-14,24746.07421875,1703.507080078125,6.156095027923584,54622230164,16159781303,16655800,56.0
2023-03-15,24375.9609375,1656.1805419921875,5.6689839363098145,43655701450,12715339905,13289432,50.0
2023-03-16,25052.7890625,1677.2154541015625,5.736515045166016,33866061747,9364980166,11308401,52.0
2023-03-17,27423.9296875,1792.485107421875,6.340195178985596,50730261335,12467445117,17350759,51.0
2023-03-18,26965.87890625,1761.65966796875,6.127081871032715,35723036817,10317822213,11289990,64.0
2023-03-19,28038.67578125,1785.5765380859375,6.367118835449219,37769448859,9170565472,9906640,63.0
2023-03-20,27767.236328125,1735.3212890625,6.299036026000977,44774027664,10978325507,17600885,66.0
2023-03-21,28175.81640625,1806.7607421875,6.6109538078308105,36102192830,10758627746,16073963,68.0
2023-03-22,27307.4375,1737.717041015625,6.13390588760376,33382021890,12484103560,11397038,62.0
2023-03-23,28333.97265625,1816.4051513671875,7.328127861022949,24220433689,11012966854,29359964,57.0
2023-03-24,27493.28515625,1752.0447998046875,6.840712070465088,25980310960,10913669383,15268914,61.0
2023-03-25,27494.70703125,1743.7647705078125,6.837367057800293,13383005987,6614309912,9433249,64.0
2023-03-26,27994.330078125,1775.6767578125,7.062236785888672,13878363192,6990313307,12400529,64.0
2023-03-27,27139.888671875,1715.4608154296875,6.412755966186523,18188895178,8585750760,11127922,64.0
2023-03-28,27268.130859375,1772.78564453125,6.725879192352295,17783600385,8346890042,8222063,59.0
2023-03-29,28348.44140625,1793.0018310546875,6.941904067993164,20684945906,9136176952,10095616,57.0
2023-03-30,28033.5625,1792.7371826171875,6.817460060119629,22435349951,9724496987,8175395,60.0
2023-03-31,28478.484375,1822.0220947265625,6.9942522048950195,19001327598,9149379763,7379195,63.0
2023-04-01,28411.03515625,1813.860595703125,6.975204944610596,10876469901,5556443606,7209563,61.0
2023-04-02,28199.30859375,1795.7081298828125,6.89808988571167,12284641999,6199721188,6601605,63.0
2023-04-03,27790.220703125,1810.297119140625,6.970867156982422,19556501327,9643826401,7645100,63.0
2023-04-04,28168.08984375,1871.005126953125,7.0327582359313965,15284538859,10398322335,6228035,62.0
2023-04-05,28177.984375,1909.114013671875,7.129514217376709,17052315986,10319231689,6017841,62.0
2023-04-06,28044.140625,1872.922607421875,7.015740871429443,13837809380,8263191830,5844931,63.0
2023-04-07,27925.859375,1865.6361083984375,6.973966121673584,10861680497,8356130492,7793282,64.0
2023-04-08,27947.794921875,1849.4981689453125,6.9897050857543945,9373255556,5016362733,7359003,61.0
2023-04-09,28333.05078125,1859.3878173828125,7.110674858093262,12175322951,6361497715,7776951,61.0
2023-04-10,29652.98046875,1911.20751953125,7.271191120147705,19282400094,8380134275,9112950,62.0
2023-04-11,30235.05859375,1892.189697265625,6.824596881866455,20121259843,8877222956,14071503,68.0
2023-04-12,30139.052734375,1920.68212890625,6.3190178871154785,18651929926,11010714187,16033122,65.0
2023-04-13,30399.06640625,2012.6346435546875,6.421523094177246,17487721001,12546950499,18584136,61.0
2023-04-14,30485.69921875,2101.635498046875,6.549215793609619,22659995079,16298099411,18616798,68.0
2023-04-15,30318.49609375,2092.466796875,6.550043106079102,11940685378,8036468153,9013317,68.0
2023-04-16,30315.35546875,2120.005859375,6.693209171295166,12854816417,7898126856,9794025,68.0
2023-04-17,29445.044921875,2076.242919921875,6.468585968017578,17872186762,9648882546,9830105,69.0
2023-04-18,30397.552734375,2104.537353515625,6.588840961456299,19480529496,9134015143,7764157,58.0
2023-04-19,28822.6796875,1936.4034423828125,5.92682409286499,24571565421,13779745451,13276834,63.0
2023-04-20,28245.98828125,1943.09765625,5.83756685256958,21340360360,11324135406,9161195,52.0
2023-04-21,27276.91015625,1849.9998779296875,5.537543773651123,20759504330,12044274581,9333510,50.0
2023-04-22,27817.5,1874.2286376953125,5.730353832244873,13125734602,6970642726,6915467,53.0
2023-04-23,27591.384765625,1862.06201171875,5.6453471183776855,12785446832,6607451862,6772057,56.0
2023-04-24,27525.33984375,1842.7574462890625,5.663304805755615,17703288330,8438191338,7756574,53.0
2023-04-25,28307.59765625,1866.753662109375,5.688199043273926,17733373139,8677255481,7725843,53.0
2023-04-26,28422.701171875,1866.564208984375,5.5906081199646,31854242019,14356524696,6754587,56.0
2023-04-27,29473.787109375,1908.786376953125,5.735719203948975,27153445027,14008145806,6107591,59.0
2023-04-28,29340.26171875,1892.5128173828125,5.604345798492432,17544464887,7691759733,4327660,64.0
2023-04-29,29248.48828125,1908.9169921875,5.6695661544799805,10662634333,4796651246,3638494,64.0
2023-04-30,29268.806640625,1876.92431640625,5.530120849609375,14652199272,6539641957,3879767,60.0
2023-05-01,28091.568359375,1831.954833984375,5.308081150054932,18655599976,8625783201,4070309,63.0
2023-05-02,28680.537109375,1870.789306640625,5.415192127227783,16432924527,7536785767,3586536,55.0
2023-05-03,29006.30859375,1904.65185546875,5.528407096862793,19122972518,8306390869,4548951,64.0
2023-05-04,28847.7109375,1877.7041015625,5.490203857421875,15548678514,6578438233,4355956,64.0
2023-05-05,29534.384765625,1995.0609130859375,5.574725151062012,17936566518,9498261360,4748800,61.0
2023-05-06,28904.623046875,1900.2218017578125,5.271925926208496,15913866714,9623243037,5695077,60.0
2023-05-07,28454.978515625,1873.076416015625,5.168259143829346,11301355486,6883942236,4488177,64.0
2023-05-08,27694.2734375,1849.042724609375,4.646467208862305,19122903752,9895102899,6864771,60.0
2023-05-09,27658.775390625,1848.6031494140625,4.822274208068848,14128593256,6129516088,4445650,51.0
2023-05-10,27621.755859375,1842.4014892578125,4.917663097381592,20656025026,9945549603,5667177,52.0
2023-05-11,27000.7890625,1796.4906005859375,4.7309160232543945,16724343943,8353828312,4043904,52.0
2023-05-12,26804.990234375,1808.019775390625,4.830124855041504,19313599897,9047198660,3756694,49.0
2023-05-13,26784.078125,1796.1148681640625,4.691184997558594,9999171605,4647630864,2878679,48.0
2023-05-14,26930.638671875,1800.5009765625,4.4768829345703125,10014858959,4711210241,4983967,48.0
2023-05-15,27192.693359375,1817.5499267578125,4.666737079620361,14413231792,6748889346,4589444,50.0
2023-05-16,27036.650390625,1824.1214599609375,4.683841228485107,12732238816,5595959668,3383083,54.0
2023-05-17,27398.802734375,1821.859619140625,5.006710052490234,15140006925,6352161579,4876566,50.0
2023-05-18,26832.208984375,1801.728515625,4.982713222503662,15222938600,5673124255,4824031,51.0
2023-05-19,26890.12890625,1812.5894775390625,5.036746978759766,11258983301,4796110259,4752447,48.0
2023-05-20,27129.5859375,1820.47802734375,5.036754131317139,7044911360,2951655969,4309256,48.0
2023-05-21,26753.826171875,1804.5313720703125,4.805461883544922,8647416921,3386768865,3409886,52.0
2023-05-22,26851.27734375,1817.5347900390625,4.912646770477295,11056770492,4534841049,3534835,49.0
2023-05-23,27225.7265625,1854.380615234375,5.134253978729248,13697203143,6820047160,4319734,50.0
2023-05-24,26334.818359375,1800.0999755859375,5.124200820922852,16299104428,7101647419,5913310,50.0
2023-05-25,26476.20703125,1805.9537353515625,5.050239086151123,13851122697,6321689859,4055032,51.0
2023-05-26,26719.291015625,1828.689697265625,4.919467926025391,12711619225,5451414258,4695718,49.0
2023-05-27,26868.353515625,1831.1182861328125,4.835762977600098,7892015141,3216737652,4981050,48.0
2023-05-28,28085.646484375,1910.9141845703125,5.124632835388184,14545229578,6359610561,8232558,50.0
2023-05-29,27745.884765625,1893.078125,5.05286979675293,15181308984,5884674572,5543904,52.0
2023-05-30,27702.349609375,1901.026611328125,5.077532768249512,13251081851,5363439784,4039035,51.0
2023-05-31,27219.658203125,1874.1304931640625,4.959549903869629,15656371534,5984512548,3790715,51.0
2023-06-01,26819.97265625,1862.201416015625,5.039821147918701,14678970415,5640027197,4389483,52.0
2023-06-02,27249.58984375,1907.256591796875,5.219564914703369,14837415000,6097746022,3860124,50.0
2023-06-03,27075.12890625,1892.4124755859375,5.219387054443359,8385597470,3472274607,3606809,53.0
2023-06-04,27119.06640625,1890.5135498046875,5.1158270835876465,9360912318,3747042696,3083493,52.0
2023-06-05,25760.09765625,1811.828369140625,4.563800811767578,21513292646,9246593033,6430966,53.0
2023-06-06,27238.783203125,1884.494873046875,5.2217698097229,21929670693,8704411776,10540746,44.0
2023-06-07,26345.998046875,1832.39599609375,4.75899076461792,19530045082,7919894455,30718047,53.0
2023-06-08,26508.216796875,1846.3018798828125,4.695580959320068,11904824295,4536041931,7641005,50.0
2023-06-09,26480.375,1840.2252197265625,4.616397857666016,11015551640,4610831509,4907966,50.0
2023-06-10,25851.240234375,1752.384765625,3.7647809982299805,19872933189,10788500406,11503375,49.0
2023-06-11,25940.16796875,1753.415283203125,3.7461040019989014,10732609603,4559112981,5195212,47.0
2023-06-12,25902.5,1742.5286865234375,3.81713604927063,11677889997,6031384958,4941207,47.0
2023-06-13,25918.728515625,1739.03759765625,3.875709056854248,14143474486,6214125203,4592902,45.0
2023-06-14,25124.67578125,1650.519287109375,3.7922680377960205,14265717766,7462905534,4455325,46.0
2023-06-15,25576.39453125,1665.519775390625,3.8786990642547607,15837384409,7328564880,4249306,41.0
2023-06-16,26327.462890625,1716.6688232421875,3.887065887451172,16324646965,6281023479,3496947,47.0
2023-06-17,26510.67578125,1727.2041015625,3.967484951019287,11090276850,4875187477,3327910,47.0
2023-06-18,26336.212890625,1720.5775146484375,3.87650990486145,9565695129,3820038842,2852898,49.0
2023-06-19,26851.029296875,1737.659423828125,3.9392809867858887,12826986222,5210480121,3146758,47.0
2023-06-20,28327.48828125,1792.1199951171875,4.144678115844727,22211859147,7171072578,3664365,49.0
2023-06-21,30027.296875,1891.0072021484375,4.366783142089844,33346760979,11731457711,4747534,59.0
2023-06-22,29912.28125,1872.9429931640625,4.365976810455322,20653160491,8477657143,5200061,65.0
2023-06-23,30695.46875,1892.862060546875,4.287182807922363,24115570085,8290615074,7405459,65.0
2023-06-24,30548.6953125,1876.0596923828125,4.307126998901367,12147822496,5026191704,4530957,62.0
2023-06-25,30480.26171875,1900.506103515625,4.425271987915039,12703464114,6937581709,4511178,64.0
2023-06-26,30271.130859375,1859.432861328125,4.295650005340576,16493186997,8619702292,4593919,55.0
2023-06-27,30688.1640625,1889.703369140625,4.457856178283691,16428827944,7686042202,5731206,59.0
2023-06-28,30086.24609375,1827.97119140625,4.163899898529053,14571500779,7135265016,5257625,62.0
2023-06-29,30445.3515625,1852.227294921875,4.152029991149902,13180860821,5677228612,4223623,54.0
2023-06-30,30477.251953125,1933.18896484375,4.79241418838501,26387306197,12895131248,29430433,56.0
2023-07-01,30590.078125,1924.56591796875,4.729253768920898,9086606733,5136809625,7262586,59.0
2023-07-02,30620.76953125,1937.4383544921875,4.747498035430908,10533418042,6343966490,5219839,63.0
2023-07-03,31156.439453125,1955.38916015625,4.80185079574585,15271884873,7858509087,7327266,62.0
2023-07-04,30777.58203125,1936.633544921875,4.690409183502197,12810828427,5683423776,4344129,64.0
2023-07-05,30514.166015625,1910.5880126953125,4.603434085845947,12481622280,6034088075,4921648,61.0
2023-07-06,29909.337890625,1848.636474609375,4.450575828552246,21129219509,8905008384,4313441,56.0
2023-07-07,30342.265625,1870.6025390625,4.435469150543213,13384770155,6468885150,3246420,55.0
2023-07-08,30292.541015625,1865.53955078125,4.33148717880249,7509378699,4299007854,3175275,58.0
2023-07-09,30171.234375,1863.009765625,4.289665222167969,7903327692,4392863807,2475986,55.0
2023-07-10,30414.470703125,1880.556396484375,4.344426155090332,14828209155,6336468234,3912845,56.0
2023-07-11,30620.951171875,1878.3360595703125,4.345688819885254,12151839152,4905225892,2924015,57.0
2023-07-12,30391.646484375,1872.11376953125,4.3064351081848145,14805659717,6379007000,3088075,64.0
2023-07-13,31476.048828125,2006.511474609375,4.789196968078613,23686079548,11114853969,5179599,57.0
2023-07-14,30334.068359375,1939.3470458984375,4.6613850593566895,20917902660,10627449471,5687556,60.0
2023-07-15,30295.806640625,1931.466552734375,4.637461185455322,8011667756,4380084234,5008702,56.0
2023-07-16,30249.1328125,1923.681884765625,4.450239181518555,8516564470,4329306566,4034728,57.0
2023-07-17,30145.888671875,1911.6461181640625,4.457571029663086,13240156074,6678090758,3619431,54.0
2023-07-18,29856.5625,1897.5992431640625,4.1654181480407715,13138897269,5814708445,3851933,56.0
2023-07-19,29913.923828125,1889.0079345703125,3.996933937072754,12128602812,6018487800,8814024,50.0
2023-07-20,29792.015625,1890.9691162109375,4.029576778411865,14655207121,7366830684,7477674,56.0
2023-07-21,29908.744140625,1892.080078125,4.060997009277344,10972789818,4668158260,5367822,50.0
2023-07-22,29771.802734375,1864.912353515625,4.029356956481934,7873300598,4101305643,5276427,52.0
2023-07-23,30084.5390625,1889.191650390625,4.1748881340026855,9220145050,4480604100,6507827,54.0
2023-07-24,29176.916015625,1850.0020751953125,4.005153179168701,15395817395,6344373569,7251542,55.0
2023-07-25,29227.390625,1857.741943359375,4.000687122344971,10266772793,4163381707,5849246,50.0
2023-07-26,29354.97265625,1872.159912109375,4.122063159942627,13497554655,5781548155,6011932,51.0
2023-07-27,29210.689453125,1860.357177734375,4.201432228088379,10770779217,4291339248,5704759,51.0
2023-07-28,29319.24609375,1874.744873046875,4.193930149078369,11218474952,3800973336,4764918,52.0
2023-07-29,29356.91796875,1881.06884765625,4.202610969543457,6481775959,2497302218,5175178,52.0
2023-07-30,29275.30859375,1861.643798828125,4.055638790130615,8678454527,4003005547,5419905,52.0
2023-07-31,29230.111328125,1856.162353515625,4.011322975158691,11656781982,4391613314,4976287,50.0
2023-08-01,29675.732421875,1871.7921142578125,4.0891852378845215,18272392391,7634860636,5619264,53.0
2023-08-02,29151.958984375,1839.0897216796875,3.9617159366607666,19212655598,6448512422,7324867,53.0
2023-08-03,29178.6796875,1835.136474609375,3.920905113220215,12780357746,4710581074,7325520,52.0
2023-08-04,29074.091796875,1827.712890625,3.8881869316101074,12036639988,4861242484,6918081,54.0
2023-08-05,29042.126953125,1834.9879150390625,3.946368932723999,6598366353,2866049749,6980421,50.0
2023-08-06,29041.85546875,1827.4620361328125,4.093794822692871,7269806994,2963395076,8641349,49.0
2023-08-07,29180.578125,1826.9388427734375,5.897902011871338,13618163710,5837881974,242629937,49.0
2023-08-08,29765.4921875,1855.807373046875,4.946153163909912,17570561357,5812855406,79613250,54.0
2023-08-09,29561.494140625,1854.297607421875,4.688223838806152,18379521213,5870081833,31373241,50.0
2023-08-10,29429.591796875,1850.75341796875,4.66389799118042,11865344789,3760304518,23054434,53.0
2023-08-11,29397.71484375,1847.1243896484375,6.176490783691406,10195168197,3353025102,138088868,51.0
2023-08-12,29415.96484375,1848.889892578125,7.837361812591553,6194358008,2291124840,122822372,54.0
2023-08-13,29282.9140625,1839.2801513671875,7.162869930267334,7329897180,3054625661,241098485,54.0
2023-08-14,29408.443359375,1844.185791015625,7.449304103851318,14013695304,4083364724,152188067,50.0
2023-08-15,29170.34765625,1826.9327392578125,6.829552173614502,12640195779,4483923893,71703521,53.0
2023-08-16,28701.779296875,1805.6590576171875,6.507038116455078,14949271904,4976573383,66754728,52.0
2023-08-17,26664.55078125,1684.9334716796875,6.609255790710449,31120851211,14208462072,61194651,50.0
2023-08-18,26049.556640625,1660.945068359375,6.334290027618408,24026236529,9645084584,43138088,37.0
2023-08-19,26096.205078125,1669.471923828125,6.344711780548096,10631443812,4871231360,59007849,39.0
2023-08-20,26189.583984375,1684.85205078125,6.1991190910339355,9036580420,4105056995,29364081,37.0
2023-08-21,26124.140625,1667.26904296875,6.058201789855957,13371557893,5077248383,34878545,38.0
2023-08-22,26031.65625,1633.892578125,5.806410789489746,14503820706,7244623133,38478290,37.0
2023-08-23,26431.640625,1679.2744140625,6.371488094329834,16985265785,7191868448,93087903,37.0
2023-08-24,26162.373046875,1659.944580078125,6.819324016571045,12871532023,5104531920,102517833,41.0
2023-08-25,26047.66796875,1652.93505859375,6.605226039886475,12406045118,5396997823,46599345,39.0
2023-08-26,26008.462890625,1646.3067626953125,7.090582847595215,6034817316,2423247747,69527673,38.0
2023-08-27,26089.693359375,1657.5130615234375,7.926458835601807,6913768611,2624065031,94048558,38.0
2023-08-28,26106.150390625,1652.4573974609375,7.2133708000183105,11002805166,4855588534,57856310,39.0
2023-08-29,27727.392578125,1729.7257080078125,7.177680015563965,29368391712,11304916729,48898320,39.0
2023-08-30,27297.265625,1705.1121826171875,7.478549957275391,16343655235,5023904190,62496777,49.0
2023-08-31,25931.47265625,1645.63916015625,6.900056838989258,20181001451,6593153505,42957977,52.0
2023-09-01,25800.724609375,1628.4912109375,7.1700639724731445,17202862221,6104510092,36187175,40.0
2023-09-02,25868.798828125,1637.025390625,6.816064834594727,10100387473,2943590996,43371704,39.0
2023-09-03,25969.56640625,1636.11767578125,6.799839973449707,8962524523,3151878318,30671105,40.0
2023-09-04,25812.416015625,1629.6552734375,7.842065811157227,10680635106,3887968912,131105758,40.0
2023-09-05,25779.982421875,1633.62939453125,7.443538188934326,11094740040,4417491902,57635295,40.0
2023-09-06,25753.236328125,1632.2523193359375,7.269543170928955,12752705327,4987397046,37214397,42.0
2023-09-07,26240.1953125,1647.5982666015625,6.822131156921387,11088307100,4907290296,51503869,41.0
2023-09-08,25905.654296875,1636.1378173828125,6.783894062042236,10817356400,4598495496,38762897,46.0
2023-09-09,25895.677734375,1635.162353515625,6.355587005615234,5481314132,2081625742,29490687,41.0
2023-09-10,25832.2265625,1616.828857421875,6.318060874938965,7899553047,4339499949,31547763,40.0
2023-09-11,25162.654296875,1551.6376953125,5.8452630043029785,14600006467,7693700923,26697860,40.0
2023-09-12,25833.34375,1592.429443359375,5.933859825134277,18657279324,6813819740,27615643,30.0
2023-09-13,26228.32421875,1607.988525390625,6.007446765899658,13072077070,4979469106,30322744,41.0
2023-09-14,26539.673828125,1626.974365234375,5.941670894622803,13811359124,5538958553,21967802,45.0
2023-09-15,26608.693359375,1641.640380859375,6.14231014251709,11479735788,4348584771,32690105,45.0
2023-09-16,26568.28125,1635.2216796875,6.073050022125244,7402031417,2819575929,24562445,43.0
2023-09-17,26534.1875,1622.896728515625,5.790468215942383,6774210670,3032716258,19323490,46.0
2023-09-18,26754.28125,1637.3470458984375,5.774841785430908,15615339655,5916674789,25629746,46.0
2023-09-19,27211.1171875,1643.544677734375,5.93168306350708,13807690550,4405868861,29211946,46.0
2023-09-20,27132.0078125,1622.890625,5.868169784545898,13281116604,5156431986,26816751,47.0
2023-09-21,26567.6328125,1584.3070068359375,5.571438789367676,13371443708,5191732312,24209490,47.0
2023-09-22,26579.568359375,1593.268310546875,5.699122905731201,10578746709,3460791634,12370155,43.0
2023-09-23,26579.390625,1593.8577880859375,5.632180213928223,7404700301,2101436678,10998093,47.0
2023-09-24,26256.826171875,1580.8533935546875,5.434812068939209,8192867686,3086456944,10012362,44.0
2023-09-25,26298.48046875,1588.3228759765625,5.5298638343811035,11997833257,4394930984,19433777,47.0
2023-09-26,26217.25,1593.417236328125,5.55476713180542,9985498161,3544861160,19011760,46.0
2023-09-27,26352.716796875,1597.4912109375,5.424655914306641,11718380997,5533036096,21891757,44.0
2023-09-28,27021.546875,1652.8826904296875,5.567306995391846,14079002707,6658092168,24403606,46.0
2023-09-29,26911.720703125,1667.94384765625,5.551408767700195,10396435377,5529687537,24376358,48.0
2023-09-30,26967.916015625,1671.161865234375,5.444897174835205,5331172801,3155292192,24576704,47.0
2023-10-01,27983.75,1733.8104248046875,6.677968978881836,9503917434,5054880180,130433687,48.0
2023-10-02,27530.78515625,1663.6275634765625,6.622255802154541,19793041322,8420552922,56288592,50.0
2023-10-03,27429.978515625,1656.6856689453125,5.981839179992676,11407814187,4742827302,25966381,50.0
2023-10-04,27799.39453125,1647.838134765625,5.8922600746154785,11143355314,5127524863,11197333,49.0
2023-10-05,27415.912109375,1611.4764404296875,5.734241962432861,11877253670,5403759057,8401142,48.0
2023-10-06,27946.59765625,1645.83154296875,6.029971122741699,13492391599,4941208729,26477842,50.0
2023-10-07,27968.83984375,1634.51123046875,5.947775840759277,6553044316,2578994988,17145827,49.0
2023-10-08,27935.08984375,1633.548583984375,6.027703762054443,7916875290,3315554175,19765907,50.0
2023-10-09,27583.677734375,1579.806640625,5.801371097564697,12007668568,7020801716,18353489,50.0
2023-10-10,27391.01953125,1567.7130126953125,5.841917037963867,9973350678,5254966125,11183804,50.0
2023-10-11,26873.3203125,1566.2547607421875,5.718891143798828,13648094333,5416504273,10355791,47.0
2023-10-12,26756.798828125,1539.6124267578125,5.701117992401123,9392909295,5003930677,11944821,45.0
2023-10-13,26862.375,1552.0894775390625,5.699316024780273,15165312851,4575141511,15606528,44.0
2023-10-14,26861.70703125,1555.2568359375,5.66804313659668,5388116782,2429214718,15424458,47.0
2023-10-15,27159.65234375,1558.06982421875,5.717152118682861,7098201980,2923337883,12327664,45.0
2023-10-16,28519.466796875,1600.5343017578125,5.863718032836914,27833876539,8846928526,24333880,47.0
2023-10-17,28415.748046875,1565.4395751953125,5.615750789642334,14872527508,5032686973,24273514,52.0
2023-10-18,28328.341796875,1563.7498779296875,5.490904808044434,12724128586,4354138855,19687999,50.0
2023-10-19,28719.806640625,1567.45703125,5.378899097442627,14448058195,5035110867,16352327,52.0
2023-10-20,29682.94921875,1604.6668701171875,5.520921230316162,21536125230,6747486127,7448816,53.0
2023-10-21,29918.412109375,1629.304443359375,5.788887023925781,11541146996,4212179634,15997580,63.0
2023-10-22,29993.896484375,1663.429931640625,5.792963981628418,10446520040,5248406817,10520332,53.0
2023-10-23,33086.234375,1765.3826904296875,6.040205955505371,38363572311,14362295879,36808125,53.0
2023-10-24,33901.52734375,1784.4375,6.215023040771484,44934999645,15888690475,45160191,66.0
2023-10-25,34502.8203125,1787.3975830078125,6.278952121734619,25254318008,9439066475,36840058,72.0
2023-10-26,34156.6484375,1804.039306640625,6.2939581871032715,19427195376,11196672635,41373212,71.0
2023-10-27,33909.80078125,1780.0452880859375,6.151200771331787,16418032871,7493399771,18914358,70.0
2023-10-28,34089.57421875,1776.6181640625,6.359209060668945,10160330825,4226112731,14652695,65.0
2023-10-29,34538.48046875,1795.5460205078125,6.394784927368164,11160323986,4358528382,13045165,72.0
2023-10-30,34502.36328125,1810.088623046875,6.433780193328857,17184860315,7534051038,21743733,68.0
2023-10-31,34667.78125,1816.458984375,6.153690814971924,15758270810,6477922747,15478266,66.0
2023-11-01,35437.25390625,1847.0897216796875,6.549430847167969,22446272005,10628825648,33827763,66.0
2023-11-02,34938.2421875,1800.6209716796875,6.6164679527282715,20998158544,9004197724,31325841,72.0
2023-11-03,34732.32421875,1832.795166015625,6.653515815734863,17158456701,7622864055,19880635,65.0
2023-11-04,35082.1953125,1857.6986083984375,6.581255912780762,9561294264,4845080427,12965119,68.0
2023-11-05,35049.35546875,1894.15771484375,6.578446865081787,12412743996,8867152645,14496194,70.0
2023-11-06,35037.37109375,1899.83740234375,6.841698169708252,12693436420,8104122602,18671391,74.0
2023-11-07,35443.5625,1888.124267578125,6.759740829467773,18834737789,9203228152,48445454,68.0
2023-11-08,35655.27734375,1889.3223876953125,6.949189186096191,17295394918,6751627017,39116497,66.0
2023-11-09,36693.125,2120.56103515625,6.544793128967285,37762672382,24709695029,51629216,69.0
2023-11-10,37313.96875,2078.289794921875,6.627241134643555,22711265155,14740624457,42286793,70.0
2023-11-11,37138.05078125,2052.7138671875,6.819127082824707,13924272142,10228351203,51298480,70.0
2023-11-12,37054.51953125,2045.18701171875,6.997735023498535,11545715999,7951011698,45544978,73.0
2023-11-13,36502.35546875,2055.265380859375,6.7629780769348145,19057712790,14322027970,49998393,72.0
2023-11-14,35537.640625,1979.0526123046875,6.991133213043213,23857403554,13087862495,45393573,69.0
2023-11-15,37880.58203125,2060.408447265625,7.401738166809082,27365821679,12626326991,58499563,60.0
2023-11-16,36154.76953125,1960.881591796875,7.379676818847656,26007385366,14651619483,53348586,70.0
2023-11-17,36596.68359375,1961.28076171875,6.992302894592285,22445028430,11881648738,50083797,63.0
2023-11-18,36585.703125,1963.2850341796875,6.875763893127441,11886022717,8064677046,36046372,69.0
2023-11-19,37386.546875,2013.2044677734375,7.178031921386719,12915986553,7716048818,26422836,66.0
2023-11-20,37476.95703125,2022.2391357421875,6.947041988372803,20888209068,12866464824,27504166,69.0
2023-11-21,35813.8125,1937.0667724609375,6.3032050132751465,25172163756,13653500841,32008065,71.0
2023-11-22,37432.33984375,2064.42529296875,6.463468074798584,24397247860,13372200584,31626290,62.0
2023-11-23,37289.62109375,2062.210693359375,6.477495193481445,14214948217,7828437946,23083938,66.0
2023-11-24,37720.28125,2081.152099609375,6.464199066162109,22922957823,12141148820,26273373,66.0
2023-11-25,37796.79296875,2084.4130859375,6.7015700340271,9099571165,5362623390,25112189,73.0
2023-11-26,37479.12109375,2063.2861328125,6.400639057159424,13744796068,8054814154,24201061,73.0
2023-11-27,37254.16796875,2027.4173583984375,6.252048015594482,19002925720,10574810069,31240133,66.0
2023-11-28,37831.0859375,2049.338134765625,6.306743144989014,21696137014,9910633038,28360327,68.0
2023-11-29,37858.4921875,2029.92919921875,6.285435199737549,20728546658,8945151861,25908222,72.0
2023-11-30,37712.74609375,2052.55615234375,6.3803558349609375,18115982627,8107789163,24792742,74.0
2023-12-01,38688.75,2087.139892578125,6.348419189453125,23512784002,10866891430,22672171,71.0
2023-12-02,39476.33203125,2165.7041015625,6.662621021270752,15534035612,9130124831,25558689,74.0
2023-12-03,39978.390625,2193.691650390625,6.489991188049316,15769696322,8278465782,23616785,73.0
2023-12-04,41980.09765625,2243.2158203125,6.873211860656738,39856129827,16149367134,36360826,74.0
2023-12-05,44080.6484375,2293.841796875,6.616936206817627,36312154535,15383072559,43083211,75.0
2023-12-06,43746.4453125,2231.661376953125,6.556676864624023,29909761586,12790612571,34637860,72.0
2023-12-07,43292.6640625,2357.57958984375,6.868811130523682,27635760671,14766891042,35834797,72.0
2023-12-08,44166.6015625,2358.73193359375,7.009077072143555,24421116687,12543458699,33054797,72.0
2023-12-09,43725.984375,2341.17529296875,6.7203850746154785,17368210171,10613312823,35425553,73.0
2023-12-10,43779.69921875,2352.462646484375,6.878239154815674,13000481418,7369608905,32172867,74.0
2023-12-11,41243.83203125,2224.578857421875,6.200273036956787,40632672038,17989249470,35928102,74.0
2023-12-12,41450.22265625,2202.0380859375,6.333331108093262,24779520132,11391132228,32231619,67.0
2023-12-13,42890.7421875,2260.648681640625,6.3566508293151855,26797884674,12576395493,31929203,65.0
2023-12-14,43023.97265625,2316.5791015625,6.711383819580078,25578530178,12608711052,39444070,72.0
2023-12-15,41929.7578125,2219.33740234375,6.8098978996276855,19639442462,10259157898,40200215,70.0
2023-12-16,42240.1171875,2226.926513671875,7.615444183349609,14386729590,6866555430,105274221,67.0
2023-12-17,41364.6640625,2196.481201171875,8.326565742492676,16678702876,7410453853,73976990,73.0
2023-12-18,42623.5390625,2217.2734375,7.302342891693115,25224642008,10366536490,52486354,65.0
2023-12-19,42270.52734375,2177.87255859375,7.819666862487793,23171001281,10619179629,48479486,73.0
2023-12-20,43652.25,2201.911376953125,9.429939270019531,27868908174,12652290807,163614582,74.0
2023-12-21,43869.15234375,2239.54248046875,9.284592628479004,22452766169,12616530536,71787529,70.0
2023-12-22,43997.90234375,2326.52490234375,8.906928062438965,21028503216,16137246310,45896814,74.0
2023-12-23,43739.54296875,2309.04638671875,8.952112197875977,13507796558,7995772945,45641491,70.0
2023-12-24,43016.1171875,2265.692138671875,9.074471473693848,18830554085,9450799236,45380665,71.0
2023-12-25,43613.140625,2272.561767578125,9.249155044555664,21115795370,8036302656,36751537,73.0
2023-12-26,42520.40234375,2231.46533203125,8.591337203979492,30026850982,10668581464,42419153,71.0
2023-12-27,43442.85546875,2378.739990234375,8.56316089630127,25260941032,14161342927,33729813,73.0
2023-12-28,42627.85546875,2347.566162109375,8.563162803649902,22992093014,15660799060,33209986,73.0
2023-12-29,42099.40234375,2300.690673828125,8.196850776672363,26000021055,12536968996,30666490,65.0
2023-12-30,42156.90234375,2292.0654296875,8.340347290039062,16013925945,6888195427,28606380,68.0
2023-12-31,42265.1875,2281.47119140625,7.932500839233398,16397498810,6871481744,27388855,67.0
2024-01-01,44167.33203125,2352.327880859375,8.278921127319336,18426978443,6906765990,30206719,65.0
2024-01-02,44957.96875,2355.83642578125,8.508424758911133,39335274536,12910543630,44647510,71.0
2024-01-03,42848.17578125,2210.761962890625,7.116954803466797,46342323118,19332933581,59154028,70.0
2024-01-04,44179.921875,2269.0380859375,7.38992977142334,30448091210,11044564896,44496287,68.0
2024-01-05,44162.69140625,2268.647216796875,7.085962772369385,32336029347,10860953290,44994289,72.0
2024-01-06,43989.1953125,2241.624755859375,6.955289840698242,16092503468,5970741680,43806787,70.0
2024-01-07,43943.09765625,2222.865966796875,6.4175848960876465,19330573863,6490053615,29184885,71.0
2024-01-08,46970.50390625,2333.03271484375,6.959828853607178,42746192015,13830287095,36534943,71.0
2024-01-09,46139.73046875,2344.8271484375,6.601532936096191,39821290992,14891130716,26590236,76.0
2024-01-10,46627.77734375,2582.103515625,7.390921115875244,50114613298,29042100476,25149930,73.0
2024-01-11,46368.5859375,2619.619140625,7.630208969116211,45833734549,22575246883,29332671,76.0
2024-01-12,42853.16796875,2524.460205078125,7.807171821594238,43332698900,23623839263,89904796,71.0
2024-01-13,42842.3828125,2576.597900390625,7.880612850189209,20601860469,12250316867,37710498,64.0
2024-01-14,41796.26953125,2472.2412109375,7.788124084472656,17521429522,9405587417,26210217,60.0
2024-01-15,42511.96875,2511.36376953125,7.910149097442627,22320220558,9700630000,20548250,52.0
2024-01-16,43154.9453125,2587.691162109375,7.87743616104126,24062872740,11063317095,21752575,64.0
2024-01-17,42742.65234375,2528.369384765625,7.783495903015137,20851232595,10441017520,21091669,60.0
2024-01-18,41262.05859375,2467.018798828125,7.219217777252197,25218357242,11900028080,19558726,63.0
2024-01-19,41618.40625,2489.49853515625,7.165319919586182,25752407154,11405278376,18188832,51.0
2024-01-20,41665.5859375,2469.589111328125,7.6201348304748535,11586690904,5297826161,20420267,52.0
2024-01-21,41545.78515625,2453.9130859375,7.53200101852417,9344043642,4578471955,17762077,56.0
2024-01-22,39507.3671875,2310.826416015625,7.010454177856445,31338708143,13923771728,18961258,55.0
2024-01-23,39845.55078125,2240.68603515625,6.730276107788086,29244553045,16182147521,18970833,50.0
2024-01-24,40077.07421875,2233.561767578125,6.780245780944824,22359526178,10134722960,15064712,48.0
2024-01-25,39933.80859375,2217.710205078125,6.697068214416504,18491782013,9302247037,15206876,52.0
2024-01-26,41816.87109375,2267.19970703125,7.118964195251465,25598119893,9975117607,17034412,49.0
2024-01-27,42120.0546875,2267.885986328125,7.213414192199707,11422941934,5144367230,13407025,55.0
2024-01-28,42035.59375,2257.208740234375,7.121328830718994,16858971687,7296214994,13851631,54.0
2024-01-29,43288.24609375,2317.064208984375,7.334469795227051,20668476578,8948195551,14032843,55.0
2024-01-30,42952.609375,2344.49365234375,7.165688991546631,23842814518,10173440062,14384071,61.0
2024-01-31,42582.60546875,2282.54443359375,7.008707046508789,24673628793,10807883277,15125896,60.0
2024-02-01,43075.7734375,2303.82470703125,7.0565338134765625,21423953779,8895583113,14450565,63.0
2024-02-02,43185.859375,2308.0380859375,7.240250110626221,18603843039,7186143091,13563269,63.0
2024-02-03,42992.25,2296.038330078125,7.252941131591797,11169245236,4647754021,23744920,60.0
2024-02-04,42583.58203125,2289.546142578125,7.057526111602783,14802225490,5438100035,13170990,60.0
2024-02-05,42658.66796875,2298.888916015625,6.986988067626953,18715487317,7277068110,13085934,60.0
2024-02-06,43084.671875,2372.201904296875,6.991363048553467,16798476726,9520885493,11983184,64.0
2024-02-07,44318.22265625,2423.7451171875,7.312256813049316,21126587775,9660628536,12749690,62.0
2024-02-08,45301.56640625,2419.906494140625,7.292660236358643,26154524080,9941841732,13090761,66.0
2024-02-09,47147.19921875,2487.515625,7.499331951141357,39316770844,13634203177,13897386,72.0
2024-02-10,47771.27734375,2501.228271484375,7.489329814910889,16398681570,6474444159,13078631,74.0
2024-02-11,48293.91796875,2507.570556640625,7.404383182525635,19315867136,7347245813,15025821,71.0
2024-02-12,49958.22265625,2658.115966796875,7.7044358253479,34511985805,13022696866,16926023,70.0
2024-02-13,49742.44140625,2642.185302734375,7.650073051452637,35593051468,18271237044,18448662,79.0
2024-02-14,51826.6953125,2777.90234375,7.966057777404785,39105608050,21448973822,21718151,74.0
2024-02-15,51938.5546875,2824.37890625,8.116765975952148,38564360533,23734481937,17886960,72.0
2024-02-16,52160.203125,2803.69140625,14.440374374389648,28180567298,17057114638,599091433,72.0
2024-02-17,51662.99609375,2786.672607421875,18.080692291259766,20009091006,17932379943,642834066,76.0
2024-02-18,52122.546875,2878.998046875,17.819961547851562,17595377311,23355830478,389564782,72.0
2024-02-19,51779.14453125,2943.57470703125,17.177152633666992,21362184346,15163110589,192553313,75.0
2024-02-20,52284.875,3013.503662109375,14.582183837890625,33353758256,20341598470,125067875,72.0
2024-02-21,51839.1796875,2970.35546875,15.504935264587402,28624907020,18897136867,155002668,78.0
2024-02-22,51304.97265625,2971.00732421875,14.87202262878418,25413900611,18058908246,145469648,74.0
2024-02-23,50731.94921875,2921.658203125,13.741085052490234,21427078270,12822717059,64426113,76.0
2024-02-24,51571.1015625,2992.385986328125,14.084538459777832,15174077879,10701688842,44296133,72.0
2024-02-25,51733.23828125,3112.697265625,14.556207656860352,15413239245,14620450464,101052115,74.0
2024-02-26,54522.40234375,3178.99365234375,14.411031723022461,34074411896,17504464351,67013977,72.0
2024-02-27,57085.37109375,3244.519287109375,14.289212226867676,49756832031,21090315368,65820666,79.0
2024-02-28,62504.7890625,3385.703857421875,13.88454818725586,83239156760,32885894265,107055171,82.0
2024-02-29,61198.3828125,3341.919677734375,13.446535110473633,65496611844,28469171094,62091876,80.0
2024-03-01,62440.6328125,3435.053955078125,14.487760543823242,40186368423,16880101987,75635395,80.0
2024-03-02,62029.84765625,3422.0498046875,14.595369338989258,23888473685,12024340617,43859557,80.0
2024-03-03,63167.37109375,3490.99365234375,14.262091636657715,26253811450,13643324467,59385013,83.0
2024-03-04,68330.4140625,3630.433837890625,14.202622413635254,70670471105,26772963830,47085379,82.0
2024-03-05,63801.19921875,3554.964599609375,13.148307800292969,102802940877,47706899137,89407168,90.0
2024-03-06,66106.8046875,3819.226318359375,14.760079383850098,68750229073,34938642613,71269734,75.0
2024-03-07,66925.484375,3874.34765625,16.182697296142578,46989543159,22457177587,89407584,82.0
2024-03-08,68300.09375,3892.06103515625,23.40081024169922,59202881172,26135487051,320278935,81.0
2024-03-09,68498.8828125,3915.4189453125,23.288280487060547,21609650379,11926623780,303583091,84.0
2024-03-10,69019.7890625,3881.193115234375,22.009033203125,35683977532,15783924355,80049389,79.0
2024-03-11,72123.90625,4066.445068359375,20.893455505371094,65716656765,28806262507,75206501,82.0
2024-03-12,71481.2890625,3980.273193359375,20.261085510253906,62554434520,26917010932,64130835,81.0
2024-03-13,73083.5,4006.45703125,20.357755661010742,48212536929,22028114691,37540768,81.0
2024-03-14,71396.59375,3883.140380859375,27.244558334350586,59594605698,25434810823,261030745,88.0
2024-03-15,69403.7734375,3735.22021484375,23.641199111938477,78320453976,33505075433,172523649,83.0
2024-03-16,65315.1171875,3522.860107421875,20.1698055267334,46842198371,20199855932,77928002,81.0
2024-03-17,68390.625,3642.4130859375,22.02703285217285,44716864318,19938757095,96782737,79.0
2024-03-18,67548.59375,3517.985107421875,19.294828414916992,49261579492,21162220224,60883131,77.0
2024-03-19,61912.7734375,3157.6181640625,17.440134048461914,74215844794,34166976701,57111622,79.0
2024-03-20,67913.671875,3513.39306640625,18.997453689575195,66792634382,36605316331,46568370,74.0
2024-03-21,65491.390625,3492.9912109375,18.873390197753906,44480350565,22213647922,37858225,78.0
2024-03-22,63778.76171875,3333.68798828125,18.23895263671875,41401116964,20574952329,43154836,75.0
2024-03-23,64062.203125,3336.593994140625,18.814308166503906,24738964812,13242137554,33622068,73.0
2024-03-24,67234.171875,3454.636474609375,20.412986755371094,27206630673,12156660941,45151842,74.0
2024-03-25,69958.8125,3590.8837890625,20.303197860717773,42700139523,18603921705,35412816,75.0
2024-03-26,69987.8359375,3587.5048828125,20.54138946533203,36010437368,18505553577,41837391,81.0
2024-03-27,69455.34375,3500.115234375,19.72826385498047,40827113309,18753082145,44560205,83.0
2024-03-28,70744.953125,3561.2939453125,19.32562828063965,34374900617,16419674157,34592642,80.0
2024-03-29,69892.828125,3511.80615234375,18.82303810119629,25230851763,12712701619,25621434,79.0
2024-03-30,69645.3046875,3507.9443359375,18.552555084228516,17130241883,9389066783,22775709,75.0
2024-03-31,71333.6484375,3647.8564453125,18.7132625579834,20050941373,10499881424,17021211,75.0
2024-04-01,69702.1484375,3505.030029296875,18.01640510559082,34873527352,16002098681,30782851,79.0
2024-04-02,65446.97265625,3277.234619140625,16.54082679748535,50705240709,22076539151,38582767,79.0
2024-04-03,65980.8125,3311.44189453125,16.365509033203125,34488018367,16010734587,23457394,71.0
2024-04-04,68508.84375,3330.04052734375,16.759138107299805,34439527442,14476330517,21697794,70.0
2024-04-05,67837.640625,3318.88525390625,16.271854400634766,33748230056,15214447092,24585135,79.0
2024-04-06,68896.109375,3354.183837890625,17.13249397277832,19967785809,8956926798,22667781,75.0
2024-04-07,69362.5546875,3453.49462890625,17.081575393676758,21204930369,9931108526,17846991,78.0
2024-04-08,71631.359375,3695.292724609375,17.728004455566406,37261432669,19055143129,20427371,76.0
2024-04-09,69139.015625,3505.163330078125,16.157482147216797,36426900409,18279773833,21491957,80.0
2024-04-10,70587.8828125,3543.737060546875,15.643259048461914,38318601774,16872482726,24717531,78.0
2024-04-11,70060.609375,3505.247802734375,15.420805931091309,30153382941,14076734489,21385546,76.0
2024-04-12,67195.8671875,3243.034912109375,12.294733047485352,44129299406,22104869556,40290542,79.0
2024-04-13,63821.47265625,3004.900390625,10.98737621307373,52869738185,29930408174,47991652,72.0
2024-04-14,65738.7265625,3156.94189453125,12.105755805969238,49084320047,25486284994,37151189,72.0
2024-04-15,63426.2109375,3101.600341796875,11.95076847076416,43595917654,21925843181,35384015,74.0
2024-04-16,63811.86328125,3084.920166015625,12.0283203125,42847528078,19441391169,31670388,65.0
2024-04-17,61276.69140625,2984.7275390625,11.655810356140137,41915247049,17711869375,26627807,67.0
2024-04-18,63512.75390625,3066.027587890625,13.355749130249023,36006307335,15183777035,59855140,57.0
2024-04-19,63843.5703125,3059.278564453125,13.048014640808105,49920425401,20399982867,43079303,66.0
2024-04-20,64994.44140625,3157.627197265625,16.01982879638672,23097485495,9918642130,43672254,66.0
2024-04-21,64926.64453125,3147.28857421875,15.262463569641113,20506644853,9394387894,42982064,72.0
2024-04-22,66837.6796875,3201.652099609375,15.647601127624512,28282686673,12063858733,29962019,73.0
2024-04-23,66407.2734375,3219.91162109375,15.237605094909668,24310975583,11054442653,32364092,71.0
2024-04-24,64276.8984375,3139.80517578125,14.167258262634277,30276655120,14000234760,25780170,72.0
2024-04-25,64481.70703125,3156.509521484375,14.901555061340332,32155786816,13989030260,28765421,72.0
2024-04-26,63755.3203125,3130.164794921875,13.99522590637207,24139372950,10622333862,20345825,70.0
2024-04-27,63419.140625,3252.168212890625,13.979701042175293,19530783039,11820785577,19828314,67.0
2024-04-28,63113.23046875,3262.774658203125,13.474800109863281,17334827993,11379192678,17047514,65.0
2024-04-29,63841.12109375,3215.428955078125,13.381946563720703,26635912073,15032246816,19654682,67.0
2024-04-30,60636.85546875,3012.286865234375,12.381265640258789,37840840057,18266894653,24941601,67.0
2024-05-01,58254.01171875,2969.78466796875,12.403321266174316,48439780271,20005057445,25182771,54.0
2024-05-02,59123.43359375,2988.16845703125,12.66184139251709,32711813559,13163903903,18346350,43.0
2024-05-03,62889.8359375,3103.5419921875,13.563995361328125,33172023048,12862183229,25586441,48.0
2024-05-04,63891.47265625,3117.576416015625,13.6732177734375,20620477992,8283229638,18774131,67.0
2024-05-05,64031.1328125,3137.2490234375,15.080161094665527,18296164805,8783447639,73420635,69.0
2024-05-06,63161.94921875,3062.728759765625,15.27613353729248,28697928697,13008587255,55900902,71.0
2024-05-07,62334.81640625,3006.5771484375,15.68764591217041,25930730982,11743187337,47387013,68.0
2024-05-08,61187.94140625,2973.6572265625,13.997907638549805,26088172222,11791662158,35271045,64.0
2024-05-09,63049.9609375,3036.0205078125,17.146892547607422,25453338161,10861947179,70724470,55.0
2024-05-10,60792.77734375,2909.791259765625,16.8857479095459,27804954694,12278653601,112497367,66.0
2024-05-11,60793.7109375,2911.60205078125,17.7994384765625,13842272968,6795916454,61860042,53.0
2024-05-12,61448.39453125,2928.701904296875,17.95682716369629,13800459405,5908941395,41683053,56.0
2024-05-13,62901.44921875,2949.359619140625,17.84130096435547,27889181179,13352264795,55039543,57.0
2024-05-14,61552.7890625,2881.157958984375,17.29477310180664,28186271527,12444516140,76695432,66.0
2024-05-15,66267.4921875,3037.056640625,20.319351196289062,39815167074,14666902956,136087031,64.0
2024-05-16,65231.58203125,2945.131103515625,19.558616638183594,31573077994,13035465176,66918347,70.0
2024-05-17,67051.875,3094.11865234375,19.465354919433594,28031279310,14449438097,60060339,74.0
2024-05-18,66940.8046875,3122.948974609375,18.93010711669922,16712277406,9407051320,39270477,73.0
2024-05-19,66278.3671875,3071.843017578125,18.844436645507812,19249094538,8747800800,55736477,72.0
2024-05-20,71448.1953125,3663.85546875,20.83403778076172,43850655717,31228143948,87536093,70.0
2024-05-21,70136.53125,3789.312744140625,20.656766891479492,46932005990,37643853967,82913260,76.0
2024-05-22,69122.3359375,3737.2177734375,23.543092727661133,32802561717,25155809461,166284125,76.0
2024-05-23,67929.5625,3776.92724609375,22.85398292541504,41895680979,45623656317,97843700,76.0
2024-05-24,68526.1015625,3726.9345703125,22.45968246459961,29197308153,22257061429,55886261,74.0
2024-05-25,69265.9453125,3749.236572265625,22.457792282104492,15473071741,10000027764,52835820,76.0
2024-05-26,68518.09375,3825.8974609375,22.81039810180664,15628433737,14650794791,54391868,75.0
2024-05-27,69394.5546875,3892.0068359375,21.259241104125977,25870990717,18949181813,73780180,74.0
2024-05-28,68296.21875,3840.25634765625,21.76633644104004,32722265965,19846044324,72219047,72.0
2024-05-29,67578.09375,3763.196533203125,20.991697311401367,26707072906,17411416736,57944118,72.0
2024-05-30,68364.9921875,3746.849609375,21.2584171295166,29509712534,15065849797,50131222,73.0
2024-05-31,67491.4140625,3760.026611328125,22.780323028564453,27387283769,15290700646,62554662,73.0
2024-06-01,67706.9375,3813.198974609375,23.03887367248535,11641495604,8661024535,34159021,72.0
2024-06-02,67751.6015625,3780.89599609375,21.483171463012695,17110588415,11126903059,42647982,73.0
2024-06-03,68804.78125,3766.38916015625,21.01534080505371,32401285324,14082454300,44355797,73.0
2024-06-04,70567.765625,3812.515869140625,21.556316375732422,33149696545,13331489271,40644293,73.0
2024-06-05,71082.8203125,3864.260986328125,21.376628875732422,32810771409,15480034434,37538049,75.0
2024-06-06,70757.1640625,3811.60595703125,23.98624610900879,25223152007,13606583873,131248110,78.0
2024-06-07,69342.5859375,3678.629150390625,23.326242446899414,36188381096,18220286186,78236618,77.0
2024-06-08,69305.7734375,3680.949951171875,22.98259735107422,14262185861,9096091805,87233684,72.0
2024-06-09,69647.9921875,3705.90380859375,22.18236541748047,13534028500,7910768788,63082475,75.0
2024-06-10,69512.28125,3666.717529296875,22.8886661529541,20597699541,10377300126,115372447,72.0
2024-06-11,67332.03125,3498.33056640625,20.12339210510254,37116136345,19184721538,67572118,74.0
2024-06-12,68241.1875,3559.61767578125,25.02259635925293,34497940694,17142905351,131609102,72.0
2024-06-13,66756.3984375,3469.28125,23.754873275756836,28955204146,14472382154,80030946,70.0
2024-06-14,66011.09375,3480.27197265625,23.568086624145508,27403884779,15793876596,74556593,74.0
2024-06-15,66191.0,3565.549560546875,21.948137283325195,14121265576,12733651076,46094265,74.0
2024-06-16,66639.046875,3620.5634765625,22.00644874572754,13281140541,9878388158,48502476,71.0
2024-06-17,66490.296875,3511.37890625,20.336671829223633,30006354476,17838856988,46669785,71.0
2024-06-18,65140.74609375,3483.681396484375,18.27536392211914,39481285950,21022514455,61206603,74.0
2024-06-19,64960.296875,3559.347412109375,18.793903350830078,21103423504,15275373778,48154327,64.0
2024-06-20,64828.65625,3511.0869140625,18.812410354614258,25641109124,16115123753,39376489,60.0
2024-06-21,64096.19921875,3516.07568359375,17.91095542907715,26188171739,15933353456,33209544,63.0
2024-06-22,64252.578125,3494.8134765625,17.510366439819336,9858198793,7423703673,20242776,53.0
2024-06-23,63180.796875,3418.61181640625,16.64849853515625,11170471802,9418141333,21014210,55.0
2024-06-24,60277.4140625,3350.25634765625,16.512971878051758,43152133651,23137744903,41079666,51.0
2024-06-25,61804.640625,3395.029052734375,17.36594581604004,29201215431,13235546063,32123193,30.0
2024-06-26,60811.27734375,3369.477294921875,16.531951904296875,22506003064,11694054195,25030181,46.0
2024-06-27,61604.80078125,3444.800537109375,16.851795196533203,21231745045,11771834016,24634854,40.0
2024-06-28,60320.13671875,3373.635986328125,16.328840255737305,24952866877,12861158844,24133718,47.0
2024-06-29,60887.37890625,3372.9677734375,15.379158973693848,12652903396,6584792001,17143951,30.0
2024-06-30,62678.29296875,3432.88916015625,16.71404266357422,17333226409,8396416013,23032456,47.0
2024-07-01,62851.98046875,3440.341552734375,16.434581756591797,25468379421,12281551839,24425910,53.0
2024-07-02,62029.015625,3416.354736328125,16.465978622436523,20151616992,9421757718,19411810,51.0
2024-07-03,60173.921875,3292.916748046875,15.252015113830566,29756701685,16121324440,24568379,50.0
2024-07-04,56977.703125,3054.52197265625,12.808661460876465,41149609230,20252514386,30994980,44.0
2024-07-05,56662.375,2981.5986328125,12.195735931396484,55417544033,31131942647,41164016,29.0
2024-07-06,58303.5390625,3069.3779296875,13.627642631530762,20610320577,11586293705,32894165,26.0
2024-07-07,55849.109375,2929.38720703125,12.928584098815918,20553359505,10857947538,30968705,29.0
2024-07-08,56705.09765625,3018.73193359375,13.08825969696045,39766159899,22627377457,37992567,28.0
2024-07-09,58009.2265625,3064.032958984375,13.139241218566895,27849512607,15269945822,27348020,27.0
2024-07-10,57742.49609375,3102.21875,13.411842346191406,26175260526,14578679176,19090681,28.0
2024-07-11,57344.9140625,3100.330810546875,13.47700023651123,28707803842,15230095766,28511098,29.0
2024-07-12,57899.46484375,3134.15869140625,13.623876571655273,25604805221,12751638331,25985837,25.0
2024-07-13,59231.953125,3177.19873046875,13.588591575622559,17080061806,8565105946,19632961,25.0
2024-07-14,60787.79296875,3244.0791015625,14.391490936279297,22223416061,10517709666,20750118,33.0
2024-07-15,64870.15234375,3489.552734375,15.355499267578125,38094526099,18305490390,26409336,52.0
2024-07-16,65097.1484375,3443.513427734375,15.34455680847168,41617346768,20446664416,32663378,65.0
2024-07-17,64118.79296875,3388.75244140625,16.675952911376953,32525071311,16739123962,66494489,69.0
2024-07-18,63974.06640625,3426.258544921875,16.24796485900879,27239305337,15035622003,33024734,61.0
2024-07-19,66710.15625,3505.73486328125,16.69371223449707,37003855410,17705629736,28474324,60.0
2024-07-20,67163.6484375,3519.29541015625,17.105573654174805,19029581250,10360198325,26826437,74.0
2024-07-21,68154.5234375,3536.60546875,17.140396118164062,26652190004,13845913681,31531555,74.0
2024-07-22,67585.25,3440.419921875,15.882842063903809,42649109453,18723199034,37143793,70.0
2024-07-23,65927.671875,3481.995849609375,15.231821060180664,35605668666,24468405650,23980728,71.0
2024-07-24,65372.1328125,3336.33935546875,15.02242660522461,27470942309,16040945448,20068419,69.0
2024-07-25,65777.2265625,3174.42724609375,14.334261894226074,38315761670,25293745810,24050416,68.0
2024-07-26,67912.0625,3275.951416015625,15.112045288085938,30488630457,15993893521,21373629,68.0
2024-07-27,67813.3359375,3247.60791015625,15.52894401550293,34691905492,15198233287,22396753,72.0
2024-07-28,68255.8671875,3271.464599609375,14.88355541229248,18043166945,8959236446,16775719,71.0
2024-07-29,66819.9140625,3320.539306640625,14.501786231994629,40780682628,18334852719,21253019,74.0
2024-07-30,66201.015625,3278.667724609375,14.550607681274414,31380492109,14045773047,17075772,67.0
2024-07-31,64619.25,3231.295654296875,14.041245460510254,31292785994,16135380637,19973382,61.0
2024-08-01,65357.5,3201.564453125,13.908831596374512,40975554494,20217639556,20502095,52.0
2024-08-02,61415.06640625,2986.01318359375,12.632752418518066,43060875727,21400241741,18724741,57.0
2024-08-03,60680.09375,2903.3857421875,11.719395637512207,31753030589,17844091431,19472656,37.0
2024-08-04,58116.9765625,2686.39892578125,10.856904029846191,31758917219,21139601426,20076858,34.0
2024-08-05,53991.45703125,2417.206298828125,9.942973136901855,108991085584,67668132244,43426535,26.0
2024-08-06,56034.31640625,2458.723876953125,10.515530586242676,49300484106,26041995921,23990799,17.0
2024-08-07,55027.4609375,2336.58935546875,9.95600414276123,41637562185,24264218606,19049780,29.0
2024-08-08,61710.13671875,2683.352783203125,11.349034309387207,45298472567,23468291180,19549496,20.0
2024-08-09,60880.11328125,2599.5986328125,11.049749374389648,33425553115,17907141655,13147019,48.0
2024-08-10,60945.8125,2610.02294921875,11.608391761779785,15745822278,9361014219,14026583,40.0
2024-08-11,58719.484375,2553.252197265625,11.15053653717041,22759754812,13595441987,34414294,39.0
2024-08-12,59354.515625,2724.431884765625,11.838339805603027,37078637820,21653090666,21809438,25.0
2024-08-13,60609.56640625,2703.671875,11.667724609375,30327698167,16383053029,14606907,31.0
2024-08-14,58737.26953125,2662.914794921875,11.251143455505371,29961696180,15825365408,13592211,30.0
2024-08-15,57560.09765625,2570.087646484375,10.631546020507812,35682112440,16345801912,15732158,29.0
2024-08-16,58894.10546875,2593.1865234375,10.5899019241333,29350938673,13275561555,13827452,27.0
2024-08-17,59478.97265625,2614.546875,10.648260116577148,13589684021,6676568717,9037006,25.0
2024-08-18,58483.96484375,2613.357177734375,10.692693710327148,17740625837,9207267415,11938890,31.0
2024-08-19,59493.453125,2637.306396484375,11.003928184509277,25911207712,11968963282,13408145,28.0
2024-08-20,59012.79296875,2573.10693359375,11.136025428771973,31613400008,13249483464,14453272,30.0
2024-08-21,61175.19140625,2631.3955078125,11.548836708068848,32731154072,12766015263,14109863,26.0
2024-08-22,60381.9140625,2622.951416015625,12.73499584197998,27625734377,10723280428,37210859,39.0
2024-08-23,64094.35546875,2764.447021484375,15.464853286743164,42530509233,16857181970,78924433,34.0
2024-08-24,64178.9921875,2769.3896484375,15.653860092163086,21430585163,11765811307,37693988,56.0
2024-08-25,64333.54296875,2749.15771484375,15.22268295288086,18827683555,9375535539,23047075,54.0
2024-08-26,62880.66015625,2681.340576171875,14.226900100708008,27682040631,12282035835,16639941,55.0
2024-08-27,59504.1328125,2458.7265625,13.388754844665527,39103882198,18028996056,23937130,48.0
2024-08-28,59027.625,2528.41552734375,12.70279312133789,40289564698,20359545410,21427082,30.0
2024-08-29,59388.1796875,2528.792724609375,12.526494026184082,32224990582,13946434277,15755571,29.0
2024-08-30,59119.4765625,2525.822021484375,12.5773344039917,32292756405,15526218255,16153279,34.0
2024-08-31,58969.8984375,2513.393798828125,12.227592468261719,12403470760,6646876013,11620832,29.0
2024-09-01,57325.48828125,2427.90234375,11.605805397033691,24592449997,11800443265,15117638,26.0
2024-09-02,59112.48046875,2538.187255859375,12.64837646484375,27036454524,12520444224,18097874,26.0
2024-09-03,57431.0234375,2420.603759765625,11.70470142364502,26666961053,11406800197,13894645,26.0
2024-09-04,57971.5390625,2448.97705078125,11.790181159973145,35627680312,16709600747,18931565,27.0
2024-09-05,56160.48828125,2367.737548828125,11.30273723602295,31030280656,13632325040,15585332,29.0
2024-09-06,53948.75390625,2223.87646484375,10.917119026184082,49361693566,25825618367,17464258,22.0
2024-09-07,54139.6875,2274.107177734375,10.946526527404785,19061486526,11124608320,16015777,23.0
2024-09-08,54841.56640625,2297.29296875,11.405811309814453,18268287531,10718443487,13405646,29.0
2024-09-09,57019.53515625,2358.482177734375,11.898097038269043,34618096173,15887712451,14903361,26.0
2024-09-10,57648.7109375,2389.5810546875,11.883289337158203,28857630507,12795818970,14159072,33.0
2024-09-11,57343.171875,2339.841552734375,11.65556526184082,37049062672,15355180967,15087344,37.0
2024-09-12,58127.01171875,2361.78173828125,12.493172645568848,33835707949,12162634681,22651194,31.0
2024-09-13,60571.30078125,2441.607177734375,12.84964370727539,32490528356,13759640866,21680698,32.0
2024-09-14,60005.12109375,2418.595703125,12.496465682983398,16428405496,8170291680,11234743,50.0
2024-09-15,59182.8359375,2320.897216796875,12.02656078338623,18120960867,10155470375,11478882,51.0
2024-09-16,58192.5078125,2295.28369140625,11.512502670288086,32032822113,16819033263,12016415,39.0
2024-09-17,60308.5390625,2341.707763671875,12.48604965209961,38075570118,15356783863,16781810,33.0
2024-09-18,61649.6796875,2369.72900390625,12.743691444396973,40990702891,18159056422,16770208,45.0
2024-09-19,62940.45703125,2464.752197265625,13.434535026550293,42710252573,18437147349,22170282,49.0
2024-09-20,63192.9765625,2561.072021484375,13.650967597961426,35177164222,19112788620,16981577,54.0
2024-09-21,63394.83984375,2615.857177734375,13.772817611694336,14408616220,10797825021,11365493,54.0
2024-09-22,63648.7109375,2582.862548828125,13.462268829345703,20183348802,13180663011,13282509,52.0
2024-09-23,63329.80078125,2648.54638671875,15.031904220581055,31400285425,19912841456,37808301,50.0
2024-09-24,64301.96875,2654.35498046875,14.885860443115234,29938335243,16658812503,24629044,54.0
2024-09-25,63143.14453125,2579.388671875,14.547334671020508,25078377700,14119729962,26426348,59.0
2024-09-26,65181.01953125,2632.199951171875,15.02248477935791,36873129847,17336033595,28022913,50.0
2024-09-27,65790.6640625,2695.900634765625,15.367523193359375,32058813449,17023020294,25477881,61.0
2024-09-28,65887.6484375,2677.5390625,15.024123191833496,15243637984,10252590559,21727512,64.0
2024-09-29,65635.3046875,2659.346923828125,14.826184272766113,14788214575,11126215671,22640981,63.0
2024-09-30,63329.5,2603.062744140625,13.829808235168457,37112957475,17826446789,25206097,61.0
2024-10-01,60837.0078125,2448.921142578125,12.282230377197266,50220923500,25482371785,30666078,50.0
2024-10-02,60632.78515625,2365.231689453125,11.984886169433594,40762722398,20148256472,27065589,42.0
2024-10-03,60759.40234375,2349.791259765625,11.840943336486816,36106447279,18051447791,19501117,37.0
2024-10-04,62067.4765625,2414.7939453125,12.170843124389648,29585472513,14879264082,17118417,41.0
2024-10-05,62089.94921875,2415.6318359375,12.270563125610352,13305410749,8152969183,13707067,49.0
2024-10-06,62818.953125,2439.957763671875,12.492860794067383,14776233667,8458690205,12573561,50.0
2024-10-07,62236.66015625,2421.796630859375,12.225236892700195,34253562610,17414044416,21206539,50.0
2024-10-08,62131.96875,2439.8408203125,11.971521377563477,28134475157,14067361080,14422483,49.0
2024-10-09,60582.1015625,2368.283447265625,11.499957084655762,27670982363,14954047093,13237372,49.0
2024-10-10,60274.5,2383.85791015625,11.541031837463379,30452813570,15327769940,12561447,39.0
2024-10-11,62445.08984375,2436.513427734375,12.176900863647461,30327141594,13489061564,14615675,32.0
2024-10-12,63193.0234375,2476.523193359375,12.493050575256348,16744110886,9372169184,14671708,49.0
2024-10-13,62851.375,2467.677001953125,12.084099769592285,18177529690,9189490605,15127425,50.0
2024-10-14,66046.125,2628.89990234375,12.883940696716309,43706958056,21434687898,30497551,48.0
2024-10-15,67041.109375,2606.02197265625,12.665616035461426,48863870879,22003780898,39237020,65.0
2024-10-16,67612.71875,2611.10205078125,12.353837013244629,38195189534,17012396419,37053534,73.0
2024-10-17,67399.8359375,2604.2734375,11.88106918334961,32790898511,15150712321,19624396,71.0
2024-10-18,68418.7890625,2641.55224609375,12.35744857788086,36857165014,17043738652,16851809,73.0
2024-10-19,68362.734375,2648.656982421875,13.189497947692871,14443497908,8557834553,35873136,72.0
2024-10-20,69001.703125,2746.364013671875,13.225797653198242,18975847518,14559296242,27710476,73.0
2024-10-21,67367.8515625,2665.712158203125,12.622572898864746,37498611780,17328615363,22275448,72.0
2024-10-22,67361.40625,2620.197509765625,12.322851181030273,31808472566,15541911074,20072821,70.0
2024-10-23,66432.1953125,2509.098876953125,11.782241821289062,32263980353,17876984551,20129535,71.0
2024-10-24,68161.0546875,2534.49853515625,11.829360961914062,31414428647,16128627601,17306065,69.0
2024-10-25,66642.4140625,2435.93408203125,10.67478084564209,41469984306,22560233078,21723596,72.0
2024-10-26,67014.6953125,2479.603271484375,10.867822647094727,19588098156,13597102184,16114743,
2024-10-27,67929.296875,2505.940673828125,11.08996868133545,16721307878,9801434566,12196321,74.0
2024-10-28,69907.7578125,2565.34814453125,11.02422046661377,38799856657,18971841402,15829027,72.0
2024-10-29,72720.4921875,2637.95751953125,11.311454772949219,58541874402,22185845095,19462524,72.0
2024-10-30,72339.5390625,2657.37255859375,11.069499015808105,40646637831,22382690746,20699830,77.0
2024-10-31,70215.1875,2515.79931640625,10.566264152526855,40627912076,19760409505,18719171,77.0
2024-11-01,69482.46875,2511.885498046875,10.339774131774902,49989795365,20215438328,17774971,75.0
2024-11-02,69289.2734375,2491.068603515625,9.945974349975586,18184612091,9639457439,14285104,72.0
2024-11-03,68741.1171875,2456.42529296875,9.410311698913574,34868307655,15667779706,18326311,74.0
2024-11-04,67811.5078125,2397.0263671875,9.066141128540039,41184819348,17110200696,18364129,70.0
2024-11-05,69359.5625,2422.650634765625,9.548235893249512,46046889204,17894057485,17061623,70.0
2024-11-06,75639.078125,2724.169189453125,11.005840301513672,118592653963,41887574364,34902575,70.0
2024-11-07,75904.859375,2895.58544921875,10.95785140991211,63467654989,35352318438,23901564,77.0
2024-11-08,76545.4765625,2962.296630859375,10.635537147521973,55176858003,32303261101,22733599,75.0
2024-11-09,76778.8671875,3131.14453125,11.212688446044922,29009480361,29210133088,25054637,75.0
2024-11-10,80474.1875,3191.331298828125,12.067070007324219,82570594495,47418730187,65478344,78.0
2024-11-11,88701.484375,3374.81298828125,12.44153118133545,117966845037,55417771668,74029563,76.0
2024-11-12,87955.8125,3246.25732421875,11.44725513458252,133673285375,56686078066,86395669,80.0
2024-11-13,90584.1640625,3192.595947265625,10.856295585632324,123559027869,52010205682,57774948,84.0
2024-11-14,87250.4296875,3058.94873046875,10.057221412658691,87616705248,35743352141,51087502,88.0
2024-11-15,91066.0078125,3103.04052734375,10.494916915893555,78243109518,32701369872,40567018,80.0
2024-11-16,90558.4765625,3133.27392578125,11.345479965209961,44333192814,26650658846,52884498,86.0
2024-11-17,89845.8515625,3075.66162109375,10.537307739257812,46350159305,28348163224,41527112,90.0
2024-11-18,90542.640625,3207.8564453125,11.006388664245605,75535775084,35445557613,45643317,83.0
2024-11-19,92343.7890625,3111.384033203125,10.585288047790527,74521048295,29823634432,42721793,90.0
2024-11-20,94339.4921875,3072.18798828125,9.951980590820312,71730956426,29785491216,40852798,83.0
2024-11-21,98504.7265625,3361.053955078125,10.6633939743042,106024505582,51619069348,47084685,82.0
2024-11-22,98997.6640625,3331.600830078125,10.964149475097656,78473580551,36775716442,39887968,94.0
2024-11-23,97777.28125,3396.223388671875,12.190837860107422,44414644677,38835184688,90820503,93.0
2024-11-24,98013.8203125,3363.659912109375,12.950900077819824,51712020623,27901454185,110352428,80.0
2024-11-25,93102.296875,3413.5439453125,12.974563598632812,80909462490,51544793988,80411985,82.0
2024-11-26,91985.3203125,3326.517333984375,12.825522422790527,91656519855,39902959158,72131228,79.0
2024-11-27,95962.53125,3657.249267578125,14.190765380859375,71133452438,43383987191,83675913,75.0
2024-11-28,95652.46875,3579.8115234375,15.302369117736816,52260008261,32362724276,130941077,77.0
2024-11-29,97461.5234375,3593.494384765625,14.939275741577148,54968682476,27622629486,94398543,78.0
2024-11-30,96449.0546875,3705.705322265625,15.715824127197266,31634227866,30670867436,116507253,84.0
2024-12-01,97279.7890625,3711.1650390625,15.552787780761719,36590695296,28018113530,67903445,81.0
2024-12-02,95865.3046875,3644.198486328125,16.12706184387207,72680784305,47284967570,103360987,80.0
2024-12-03,96002.1640625,3620.711669921875,16.902236938476562,67067810961,36839829742,121572217,76.0
2024-12-04,98768.53125,3841.3310546875,17.48761558532715,77199817112,56799745752,144648514,78.0
2024-12-05,96593.5703125,3811.00830078125,20.262737274169922,149218945580,60568296606,204394404,84.0
2024-12-06,99920.7109375,4005.810546875,23.012115478515625,94534772658,52853668566,485545179,72.0
2024-12-07,99923.3359375,4002.692626953125,21.66082191467285,44177510897,22574636761,151498758,75.0
2024-12-08,101236.015625,4005.70458984375,21.194982528686523,44125751925,20943378971,103888533,79.0
2024-12-09,97432.71875,3718.6904296875,17.141841888427734,110676473908,57029832059,180782438,78.0
2024-12-10,96675.4296875,3631.833740234375,15.530665397644043,104823780634,58416417599,141035997,78.0
2024-12-11,101173.03125,3832.822021484375,17.21535873413086,85391409936,35968053196,118337960,74.0
2024-12-12,100043.0,3883.1015625,17.4768123626709,72073983533,42971675764,109840436,83.0
2024-12-13,101459.2578125,3911.205322265625,17.34139633178711,56894751583,34895127659,71806366,76.0
2024-12-14,101372.96875,3868.4052734375,16.16497802734375,40422968793,28756190559,62888445,83.0
2024-12-15,104298.6953125,3951.941162109375,16.80049705505371,51145914137,25069616984,65829018,80.0
2024-12-16,106029.71875,3987.48095703125,16.245248794555664,91020417816,46536359669,73902805,83.0
2024-12-17,106140.6015625,3886.76611328125,15.274858474731445,68589364868,35418700472,64996457,87.0
2024-12-18,100041.5390625,3618.791259765625,13.639334678649902,93865656139,48946681636,87205195,81.0
2024-12-19,97490.953125,3417.927978515625,12.39637279510498,97221662392,58879190250,111329981,75.0
2024-12-20,97755.9296875,3472.553466796875,13.310131072998047,105634083408,66383827229,115785547,74.0
2024-12-21,97224.7265625,3337.222412109375,13.557311058044434,51765334294,31579389836,166125904,73.0
2024-12-22,95104.9375,3277.53515625,15.521422386169434,43147981314,24780768375,312478994,73.0
2024-12-23,94686.2421875,3415.785400390625,15.49446964263916,65239002919,34496081389,161819821,70.0
2024-12-24,98676.09375,3492.0498046875,19.604524612426758,47114953674,23083678195,404571863,73.0
2024-12-25,99299.1953125,3493.2353515625,19.228307723999023,33700394629,17651873225,290050246,73.0
2024-12-26,95795.515625,3331.225830078125,17.649173736572266,47054980873,22247726776,240013300,79.0
2024-12-27,94164.859375,3328.9169921875,16.405162811279297,52419934565,24091627403,126768232,74.0
2024-12-28,95163.9296875,3397.90234375,16.43626594543457,24107436185,14305648523,87387536,72.0
2024-12-29,93530.2265625,3349.513427734375,16.029464721679688,29635885267,13440907792,89692604,73.0
2024-12-30,92643.2109375,3356.392578125,15.11870288848877,56188003691,26981583962,76192097,65.0
2024-12-31,93429.203125,3332.53173828125,14.991362571716309,43625106843,20845452085,54788095,64.0
2025-01-01,94419.7578125,3353.504150390625,15.478904724121094,24519888919,14195410493,54320676,66.0
2025-01-02,96886.875,3451.392578125,16.444149017333984,46009564411,22243574698,96808042,70.0
2025-01-03,98107.4296875,3605.009765625,17.09095001220703,35611391163,21877299255,88007859,74.0
2025-01-04,98236.2265625,3657.706787109375,16.72881507873535,22342608078,16060610759,65630352,73.0
2025-01-05,98314.9609375,3634.103759765625,16.580856323242188,20525254825,12830306908,62920996,72.0
2025-01-06,102078.0859375,3688.611328125,16.74612808227539,51823432705,23973574043,66383675,76.0
2025-01-07,96922.703125,3381.577392578125,14.636978149414062,58685738547,32235312545,81994554,78.0
2025-01-08,95043.5234375,3326.329345703125,13.495237350463867,63875859171,34337730882,76267385,70.0
2025-01-09,92484.0390625,3219.4306640625,13.532730102539062,62777261693,28815726276,66715496,69.0
2025-01-10,94701.453125,3267.489990234375,13.931280136108398,62058693684,26503845190,72133474,50.0
2025-01-11,94566.59375,3282.2177734375,13.738363265991211,18860894100,11772144561,37445258,69.0
2025-01-12,94488.4375,3265.951171875,13.467307090759277,20885130965,11647743556,34797082,62.0
2025-01-13,94516.5234375,3135.499755859375,13.038017272949219,72978998252,39911742769,51620538,61.0
2025-01-14,96534.046875,3223.6845703125,13.547934532165527,53769675818,22847737224,34336418,63.0
2025-01-15,100504.4921875,3450.53759765625,15.167581558227539,57805923627,25991614661,62770873,70.0
2025-01-16,99756.90625,3308.34521484375,14.519408226013184,54103781805,26395516475,61856272,75.0
2025-01-17,104462.0390625,3474.107177734375,15.101883888244629,71888972663,28200207229,53605805,75.0
2025-01-18,104408.0703125,3305.78955078125,13.721296310424805,50445655726,32420094038,62372955,77.0
2025-01-19,101089.609375,3208.96435546875,12.396614074707031,76789928525,57242875399,89650102,77.0
2025-01-20,102016.6640625,3278.035400390625,12.261664390563965,126279678351,52383187336,88315026,76.0
2025-01-21,106146.265625,3327.40625,12.510242462158203,88733878242,32804001146,59144206,76.0
2025-01-22,103653.0703125,3240.224609375,12.444028854370117,53878181052,22171220981,54083265,84.0
2025-01-23,103960.171875,3334.714111328125,12.042617797851562,104104515428,32419520084,58991972,75.0
2025-01-24,104819.484375,3309.554931640625,11.781190872192383,52388229265,25578325671,40248524,75.0
2025-01-25,104714.6484375,3317.26953125,11.941429138183594,23888996502,13744316078,27895136,75.0
2025-01-26,102682.5,3236.13427734375,11.554243087768555,22543395879,14471528757,27051149,73.0
2025-01-27,102087.6875,3178.92041015625,11.400520324707031,89006608428,39412486482,50274372,71.0
2025-01-28,101332.4765625,3077.112548828125,10.389233589172363,47180685494,20718206194,27110692,72.0
2025-01-29,103703.2109375,3112.9990234375,10.661052703857422,47432049818,22727786058,30717321,72.0
2025-01-30,104735.3046875,3247.780029296875,11.259307861328125,41915744521,19958405782,29218560,70.0
2025-01-31,102405.0234375,3298.26513671875,11.355541229248047,45732764360,30128115902,31929165,76.0
2025-02-01,100655.90625,3118.32861328125,10.265104293823242,27757944848,19917507079,29531302,68.0
2025-02-02,97688.9765625,2868.69287109375,9.101670265197754,63091816853,42060930305,49001329,60.0
2025-02-03,101405.421875,2884.566650390625,9.0552396774292,115400897748,92453553253,89732753,44.0
2025-02-04,97871.8203125,2735.05126953125,8.241943359375,73002130211,48795275985,41223924,72.0
2025-02-05,96615.4453125,2787.779052734375,8.034867286682129,49125911241,31960764447,25510543,54.0
2025-02-06,96593.296875,2688.40087890625,7.636484146118164,45302471947,29500645692,27256355,49.0
2025-02-07,96529.0859375,2622.211181640625,7.893826007843018,55741290456,29526663418,31536923,44.0
2025-02-08,96482.453125,2632.308349609375,7.9510908126831055,22447526395,17059263074,20511865,44.0
2025-02-09,96500.09375,2628.72119140625,7.885764122009277,27732901800,17517088276,24721063,46.0
2025-02-10,97437.5546875,2661.166748046875,8.041296005249023,40078962391,19414208113,23966682,43.0
2025-02-11,95747.4296875,2602.781982421875,7.8940582275390625,37488783272,21156550492,26596418,47.0
2025-02-12,97885.859375,2736.902099609375,8.128997802734375,49340445530,26919387954,32207342,46.0
2025-02-13,96623.8671875,2675.902587890625,7.874048233032227,37147280860,19481004625,41332278,50.0
2025-02-14,97508.96875,2726.091552734375,8.13129711151123,32697987277,17732289901,24681964,48.0
2025-02-15,97580.3515625,2693.559814453125,7.802999973297119,17047266288,10803019357,15979431,50.0
2025-02-16,96175.03125,2663.31591796875,8.041186332702637,16536755396,10593602117,23489847,54.0
2025-02-17,95773.3828125,2743.19970703125,7.787202835083008,27336550690,24170425078,23707562,51.0
2025-02-18,95539.546875,2669.3388671875,7.113234996795654,37325720482,23004152928,33123614,47.0
2025-02-19,96635.609375,2715.77099609375,7.086874961853027,28990872862,15272401903,22184927,44.0
2025-02-20,98333.9375,2740.386474609375,7.489235877990723,31668022771,15917259320,22136387,49.0
2025-02-21,96125.546875,2659.655517578125,7.124667167663574,49608706470,31441524621,31394173,55.0
2025-02-22,96577.7578125,2764.029296875,7.565695762634277,18353824477,16403164397,19414310,49.0
2025-02-23,96273.921875,2821.310302734375,7.417748928070068,16999478976,20493767269,16555715,50.0
2025-02-24,91418.171875,2513.8212890625,6.281990051269531,44046480529,29127380459,29736352,49.0
2025-02-25,88736.171875,2493.592529296875,6.608517169952393,92139104128,40044790246,34942768,25.0
2025-02-26,84347.0234375,2331.45263671875,6.986880779266357,64597492134,28815111323,82701975,21.0
2025-02-27,84704.2265625,2305.484375,6.8967461585998535,52659591954,24286213447,28402907,10.0
2025-02-28,84373.0078125,2237.9052734375,6.632791996002197,83610570576,35737904667,37688054,16.0
2025-03-01,86031.9140625,2216.643310546875,6.507727146148682,29190628396,16135258239,20559922,20.0
2025-03-02,94248.3515625,2519.694580078125,7.487648010253906,58398341092,34854193845,30501857,26.0
2025-03-03,86065.671875,2145.573974609375,6.195098876953125,70072228536,31473561910,31272764,33.0
2025-03-04,87222.1953125,2170.01513671875,6.107248783111572,68095241474,33935738380,29173213,15.0
2025-03-05,90623.5625,2241.977294921875,6.321016788482666,50498988027,22105432727,19250730,20.0
2025-03-06,89961.7265625,2202.476806640625,6.082913875579834,47749810486,18509069102,17586083,25.0
2025-03-07,86742.671875,2138.987548828125,6.021866798400879,65945677657,22425792863,22594801,34.0
2025-03-08,86154.59375,2201.51025390625,5.933207988739014,18206118081,10533204814,16506016,28.0
2025-03-09,80601.0390625,2015.5091552734375,5.463809967041016,30899345977,16103964994,27601864,27.0
2025-03-10,78532.0,1861.1513671875,4.961233139038086,54061099422,35005066442,31795594,20.0
2025-03-11,82862.2109375,1919.844970703125,5.227695941925049,54702837196,30898385863,30347541,24.0
2025-03-12,83722.359375,1908.982666015625,5.36906623840332,40353484454,22898872951,23239725,34.0
2025-03-13,81066.703125,1862.9696044921875,5.172889232635498,31412940153,17977225564,30829037,45.0
2025-03-14,83969.1015625,1909.467529296875,5.394425868988037,29588112414,12122715282,22000479,27.0
2025-03-15,84343.109375,1937.3946533203125,5.558568954467773,13650491277,6456484591,16063193,46.0
2025-03-16,82579.6875,1887.43505859375,5.325469017028809,21330270174,9292997638,26699127,30.0
2025-03-17,84075.6875,1927.0029296875,5.738838195800781,25092785558,10436892087,34922640,32.0
2025-03-18,82718.5,1932.54345703125,5.660437107086182,24095774594,10170844746,28022468,34.0
2025-03-19,86854.2265625,2057.7490234375,5.715907096862793,34931960257,20065206266,30856090,32.0
2025-03-20,84167.1953125,1982.099853515625,5.4205121994018555,29028988961,13217865782,25016778,49.0
2025-03-21,84043.2421875,1964.8475341796875,5.443680763244629,19030452299,9708125480,17834683,31.0
2025-03-22,83832.484375,1980.037841796875,5.606842041015625,9863214091,6117036512,24912572,32.0
2025-03-23,86054.375,2005.2991943359375,5.456442832946777,12594615537,7522339707,38231981,30.0
2025-03-24,87498.9140625,2077.47900390625,5.86534309387207,34582604933,14044912402,43545858,45.0
2025-03-25,87471.703125,2067.76416015625,5.93947696685791,30005840049,11735658914,32221398,46.0
2025-03-26,86900.8828125,2009.1893310546875,5.66008186340332,26704046038,13178523590,23152073,47.0
2025-03-27,87177.1015625,2002.357421875,5.586619853973389,24413471941,11593274543,26160879,40.0
2025-03-28,84353.1484375,1895.5029296875,5.084839820861816,34198619509,18160526498,36334943,44.0
2025-03-29,82597.5859375,1827.3203125,4.7208027839660645,16969396135,12194771785,19904563,26.0
2025-03-30,82334.5234375,1806.2186279296875,4.834833145141602,14763760943,9854857162,14121338,32.0
2025-03-31,82548.9140625,1823.47998046875,4.8082451820373535,29004228247,15765030938,34523023,34.0
2025-04-01,85169.171875,1905.491455078125,4.86812686920166,28175650319,15001220420,18314156,34.0
2025-04-02,82485.7109375,1795.313232421875,4.508657932281494,47584398470,22593742104,26245820,44.0
2025-04-03,83102.828125,1815.63720703125,4.491998195648193,36852112080,16450974373,21874676,25.0
2025-04-04,83843.8046875,1815.335205078125,4.405333042144775,45157640207,18061720814,28110938,28.0
2025-04-05,83504.796875,1805.9732666015625,4.343319892883301,14380803631,6374712479,16063023,30.0
2025-04-06,78214.484375,1576.72802734375,3.881819009780884,36294853736,22154445576,19690087,34.0
2025-04-07,79235.3359375,1555.240966796875,3.879568099975586,91262424987,46073959047,31423512,23.0
2025-04-08,76271.953125,1472.5531005859375,3.484618902206421,48314590749,21315312919,45995855,24.0
2025-04-09,82573.953125,1668.0400390625,3.987416982650757,84213627038,39252195855,61069402,18.0
2025-04-10,79626.140625,1522.518798828125,3.8655989170074463,44718000633,21379604307,38066000,39.0
2025-04-11,83404.8359375,1567.1497802734375,3.9307169914245605,41656778779,14871838813,19723568,25.0
2025-04-12,85287.109375,1643.528564453125,4.101675987243652,24258059104,12110995013,18238332,43.0
2025-04-13,83684.9765625,1596.685791015625,3.854517936706543,28796984817,13909890792,14299377,45.0
2025-04-14,84542.390625,1622.7698974609375,3.911726951599121,34090769777,16518325094,13722757,31.0
2025-04-15,83668.9921875,1588.6324462890625,3.801470994949341,28040322885,13175452875,16880978,38.0
2025-04-16,84033.8671875,1578.1053466796875,3.802561044692993,29617804112,15339621551,14853808,29.0
2025-04-17,84895.75,1582.54833984375,3.8379359245300293,21276866029,11312160796,17046786,30.0
2025-04-18,84450.8046875,1588.9246826171875,3.9061009883880615,12728372364,7123507323,11514967,33.0
2025-04-19,85063.4140625,1612.9228515625,4.030933856964111,15259300427,7168138700,11917917,32.0
2025-04-20,85174.3046875,1587.5142822265625,4.171446800231934,14664050812,7642784469,13387425,37.0
2025-04-21,87518.90625,1579.7344970703125,4.1146440505981445,41396190190,15403785611,16521316,39.0
2025-04-22,93441.890625,1757.3316650390625,5.500016212463379,55899038456,23747917555,151979932,47.0
2025-04-23,93699.109375,1796.104248046875,5.135597229003906,41719568821,22904644756,120676964,72.0
2025-04-24,93943.796875,1769.8316650390625,5.184617042541504,31483175315,15207402759,30303453,63.0
2025-04-25,94720.5,1786.634521484375,5.396403789520264,40915232364,17459399281,40808322,60.0
2025-04-26,94646.9296875,1821.881103515625,5.416452884674072,17612825123,11926379867,29755203,65.0
2025-04-27,93754.84375,1792.864990234375,5.096343994140625,18090367764,11321944113,13967213,61.0
2025-04-28,94978.75,1798.851806640625,5.227109909057617,32363449569,17043640437,19595700,54.0
2025-04-29,94284.7890625,1799.1756591796875,4.997387886047363,25806129921,14734257744,15644253,60.0
2025-04-30,94207.3125,1793.775390625,5.030271053314209,28344679831,14810431362,16056978,56.0
2025-05-01,96492.3359375,1839.2215576171875,5.075460910797119,32875889623,15861442721,16204231,53.0
2025-05-02,96910.0703125,1842.7078857421875,4.871990203857422,26421924677,13570171872,20202997,67.0
2025-05-03,95891.796875,1833.8397216796875,4.773911952972412,15775154889,8344452620,13199142,65.0
2025-05-04,94315.9765625,1808.59423828125,4.695672988891602,18198688416,8918979887,11660539,64.0
2025-05-05,94748.0546875,1819.697509765625,4.674020767211914,25816260327,11389336489,14044801,52.0
2025-05-06,96802.4765625,1815.0875244140625,4.592956066131592,26551275827,13206516310,17667770,59.0
2025-05-07,97032.3203125,1811.606689453125,4.6351118087768555,76983822462,50540755039,15545316,67.0
2025-05-08,103241.4609375,2206.5146484375,5.205376148223877,69895404397,37777245241,29230329,65.0
2025-05-09,102970.8515625,2345.50732421875,5.519168853759766,58198593958,43766026875,46073486,73.0
2025-05-10,104696.328125,2582.422607421875,6.272274017333984,42276713994,30265913403,58991484,70.0
2025-05-11,104106.359375,2510.23779296875,5.9776291847229,46285517406,26496368543,46593153,70.0
2025-05-12,102812.953125,2496.397705078125,6.027308940887451,63250475404,32121858921,42747215,70.0
2025-05-13,104169.8125,2680.129638671875,6.281918048858643,52608876410,33528741590,38497659,70.0
2025-05-14,103539.4140625,2610.063232421875,6.171388149261475,45956071155,26602676588,51038386,73.0
2025-05-15,103744.640625,2546.85693359375,5.672300815582275,50408241840,26637688883,38333995,70.0
2025-05-16,103489.2890625,2536.297607421875,5.542154788970947,44386499364,21298907763,25502713,71.0
2025-05-17,103191.0859375,2475.75439453125,5.340930938720703,37898552742,18830706230,22036344,74.0
2025-05-18,106446.0078125,2498.233642578125,5.680978775024414,49887082058,25005164865,27299219,74.0
2025-05-19,105606.1796875,2529.166748046875,5.323008060455322,61761126647,27351331811,28170171,74.0
2025-05-20,106791.0859375,2524.173095703125,5.379530906677246,36515726122,23453322578,19546637,71.0
2025-05-21,109678.078125,2552.34716796875,5.597097873687744,78086364051,31952904125,26015633,70.0
2025-05-22,111673.28125,2664.156982421875,6.020036220550537,70157575642,26596978352,25767208,72.0
2025-05-23,107287.796875,2526.44189453125,5.395633220672607,67548133399,30536501878,32788310,78.0
2025-05-24,107791.15625,2530.646240234375,5.458552837371826,45903627163,11380899856,15666999,66.0
2025-05-25,109035.390625,2551.763916015625,5.4616169929504395,47518041841,14556431364,17552792,74.0
2025-05-26,109440.3671875,2564.138427734375,5.4838547706604,45950461571,14936610009,16460180,73.0
2025-05-27,108994.640625,2663.06982421875,5.594869136810303,57450176272,26264200536,21597444,74.0
2025-05-28,107802.328125,2682.212890625,5.537905216217041,49155377493,19087366068,23035342,71.0
2025-05-29,105641.7578125,2632.65478515625,5.471508979797363,56022752042,27567479811,24857102,74.0
2025-05-30,103998.5703125,2529.943603515625,11.901671409606934,57655287183,24599403943,4088385389,60.0
2025-05-31,104638.09375,2529.08740234375,9.744823455810547,38997843858,13992843765,1888453737,50.0
2025-06-01,105652.1015625,2536.266357421875,8.949111938476562,37397056873,13287852482,575380250,56.0
2025-06-02,105881.53125,2607.097412109375,8.433661460876465,45819706290,16744168824,307976333,64.0
2025-06-03,105432.46875,2593.2802734375,7.868607997894287,46196508367,18291179016,193461748,64.0
2025-06-04,104731.984375,2608.64306640625,10.436531066894531,44544857105,18621211035,824213551,62.0
2025-06-05,101575.953125,2416.28564453125,7.895698070526123,57479298400,26194462737,559672977,57.0
2025-06-06,104390.34375,2477.19482421875,7.206727027893066,48856653697,19407449565,163709937,45.0
2025-06-07,105615.625,2526.50537109375,7.55100679397583,38365033776,11664303387,116642911,52.0
2025-06-08,105793.6484375,2510.787109375,7.941956043243408,36626232328,12097170203,245184457,62.0
2025-06-09,110294.1015625,2681.51708984375,8.08767032623291,55903193732,20605172560,91479177,62.0
2025-06-10,110257.234375,2813.517578125,8.205260276794434,54700101509,35555755055,192093219,71.0
2025-06-11,108686.625,2773.529296875,7.699934005737305,50842662052,30705408054,84051654,72.0
2025-06-12,105929.0546875,2651.795166015625,7.385503768920898,54843867968,25924959613,117698117,71.0
2025-06-13,106090.96875,2579.486083984375,7.009920120239258,69550440846,37986747138,77317393,61.0
2025-06-14,105472.40625,2533.444091796875,6.819534778594971,38007870453,14285000473,48300095,63.0
2025-06-15,105552.0234375,2546.837158203125,6.912350177764893,36744307742,13961893828,29165373,60.0
2025-06-16,106796.7578125,2540.60498046875,6.473696231842041,50366626945,22792449577,44034590,61.0
2025-06-17,104601.1171875,2510.761474609375,6.27155876159668,55964092176,25653232897,41686444,68.0
2025-06-18,104883.328125,2524.301513671875,6.292102813720703,47318089133,19873957905,40067576,52.0
2025-06-19,104684.2890625,2521.653564453125,6.198184013366699,37333806920,12782730709,27212830,57.0
2025-06-20,103309.6015625,2407.30419921875,5.8770270347595215,50951862476,22592586688,34175763,54.0
2025-06-21,102257.40625,2300.49560546875,5.642931938171387,38360555118,16108791762,27896543,49.0
2025-06-22,100987.140625,2228.213134765625,5.438055992126465,65536997201,28458151601,38903809,42.0
2025-06-23,105577.7734375,2421.824951171875,6.121288776397705,65237759656,26247439429,45215809,47.0
2025-06-24,106045.6328125,2448.0087890625,6.063411235809326,48822986421,19539047009,87156214,65.0
2025-06-25,107361.2578125,2419.310302734375,5.656621932983398,51624120283,17158118625,42807945,66.0
2025-06-26,106960.0,2416.146728515625,5.530688762664795,43891990613,18300413888,32431646,74.0
2025-06-27,107088.4296875,2423.866943359375,6.057096004486084,45353692675,15309834970,144789421,65.0
2025-06-28,107327.703125,2437.109375,5.906853199005127,30037708335,8273074809,54398876,65.0
2025-06-29,108385.5703125,2500.9599609375,6.618611812591553,35534874438,12500580479,247310183,68.0
2025-06-30,107135.3359375,2486.46435546875,6.177915096282959,42064804590,16859727663,67917395,66.0
2025-07-01,105698.28125,2405.792724609375,6.108996868133545,44110692247,15025451796,46718483,64.0
2025-07-02,108859.3203125,2571.33544921875,6.310509204864502,56248657737,22792512025,46160217,63.0
2025-07-03,109647.9765625,2591.00732421875,6.280057907104492,50494742270,20873559425,33902606,73.0
2025-07-04,108034.3359375,2508.518310546875,5.9712018966674805,42616442656,17222740209,25342317,73.0
2025-07-05,108231.1796875,2517.280029296875,6.277282238006592,30615537520,9289382302,113108598,67.0
2025-07-06,109232.0703125,2571.236572265625,6.223845958709717,36746020463,13190436110,46821577,66.0
2025-07-07,108299.8515625,2543.01318359375,6.077037811279297,45415696597,18440266947,36253284,73.0
2025-07-08,108950.2734375,2615.505859375,6.179937839508057,44282204127,17537487206,23938413,65.0
2025-07-09,111326.5546875,2770.777587890625,6.306149005889893,57927418065,27229452849,30590675,66.0
2025-07-10,115987.203125,2954.84521484375,6.719910144805908,95911605728,33929201261,43703150,71.0
2025-07-11,117516.9921875,2957.88623046875,6.595193862915039,86928361085,36226558863,68626510,71.0
2025-07-12,117435.2265625,2942.91162109375,6.470479965209961,45524560304,16317198254,27249659,79.0
2025-07-13,119116.1171875,2973.35888671875,6.561845779418945,49021091807,17361753131,30427782,74.0
2025-07-14,119849.703125,3013.350830078125,6.794136047363281,181746419401,36349290556,71405291,74.0
2025-07-15,117777.1875,3139.8896484375,6.9562668800354,98321661181,39013656112,43016895,73.0
2025-07-16,118738.5078125,3371.5068359375,7.070216178894043,72162029070,46771354461,44723543,70.0
2025-07-17,119289.84375,3476.784423828125,7.249030113220215,72363841798,47532846793,46534878,74.0
2025-07-18,118003.2265625,3549.016357421875,7.267711162567139,77945799785,59198465810,63016916,73.0
2025-07-19,117939.9765625,3595.273681640625,7.258552074432373,47564562765,26031719746,23397213,74.0
2025-07-20,117300.7890625,3759.471435546875,7.64119815826416,57515447231,44600451066,33400018,72.0
2025-07-21,117439.5390625,3763.371337890625,7.798209190368652,69820091744,42611467663,43492666,71.0
2025-07-22,119995.4140625,3749.1455078125,7.726438045501709,79217583118,45248868820,48026471,72.0
2025-07-23,118754.9609375,3629.70361328125,7.021856784820557,66608604537,41283228953,37939143,74.0
2025-07-24,118368.0,3708.005615234375,6.837399959564209,72627318560,40377960354,36224013,71.0
2025-07-25,117635.8828125,3727.266845703125,6.908092021942139,104857024569,42264509577,39927574,70.0
2025-07-26,117947.3671875,3741.39599609375,6.832129001617432,48508954046,24635287361,18055945,72.0
2025-07-27,119448.4921875,3875.24658203125,7.2353010177612305,54683390892,28897450394,22500708,73.0
2025-07-28,117924.4765625,3787.42578125,6.701227188110352,64822943193,35831336149,32366137,75.0
2025-07-29,117922.1484375,3793.454833984375,6.615194797515869,68463107433,35540435995,25131434,73.0
2025-07-30,117831.1875,3808.20166015625,6.563322067260742,68896148592,34392494235,25294339,74.0
2025-07-31,115758.203125,3696.707763671875,6.224829196929932,69370346018,32839839444,21259149,72.0
2025-08-01,113320.0859375,3488.365966796875,5.964621067047119,91294530181,46261558200,30339980,65.0
2025-08-02,112526.9140625,3392.7412109375,5.862553119659424,56870866000,30165065282,18571740,55.0
2025-08-03,114217.671875,3497.379150390625,6.1049981117248535,48099615826,19363593865,12516174,53.0
2025-08-04,115071.8828125,3718.986083984375,6.458830833435059,35783028986,30905749658,16232669,64.0
2025-08-05,114141.4453125,3611.8994140625,6.134048938751221,61039182286,32778742296,16018041,60.0
2025-08-06,115028.0,3683.920654296875,6.232126235961914,56379133510,26924415763,13879002,54.0
2025-08-07,117496.8984375,3914.325927734375,6.561367034912109,64051649681,38627826066,16990048,62.0
2025-08-08,116688.7265625,4009.848876953125,6.716454029083252,59713005166,45460293892,18733839,74.0
2025-08-09,116500.359375,4263.59912109375,6.931910037994385,54004312429,45279715746,18759576,67.0
2025-08-10,119306.7578125,4254.2177734375,6.893156051635742,64755458694,36173931367,18709749,69.0
2025-08-11,118731.4453125,4226.966796875,6.449399948120117,90528784177,49989853803,33981638,70.0
2025-08-12,120172.90625,4590.9248046875,6.888604164123535,72803657984,57237189036,26961210,68.0
2025-08-13,123344.0625,4756.27587890625,7.140626907348633,90904808795,62550014642,30062001,73.0
2025-08-14,118359.578125,4548.16650390625,6.498007774353027,104055627395,75681632806,39117601,75.0
2025-08-15,117398.3515625,4439.98876953125,6.430793762207031,68665353159,55445715824,26648407,60.0
2025-08-16,117491.3515625,4426.18017578125,6.803877830505371,48036922378,26816931514,30854677,56.0
2025-08-17,117453.0625,4473.271484375,6.771299839019775,45852169525,31348101438,122949946,64.0
2025-08-18,116252.3125,4312.5048828125,6.341878890991211,72787808090,53518423360,52453749,60.0
2025-08-19,112831.1796875,4073.464111328125,6.087001800537109,71657600353,50440367102,30703242,56.0
2025-08-20,114274.7421875,4334.50048828125,6.424583911895752,67993811526,49577862965,27426742,44.0
2025-08-21,112419.03125,4223.2099609375,6.254875183105469,57817883700,33618359942,20951582,50.0
2025-08-22,116874.0859375,4831.3486328125,6.843088150024414,82528088240,75965521535,38669494,50.0
2025-08-23,115374.328125,4776.09033203125,6.745213985443115,55377142586,36503623278,22727369,60.0
2025-08-24,113458.4296875,4779.6474609375,6.600006103515625,73961489632,52405003873,25646348,53.0
2025-08-25,110124.3515625,4372.98779296875,5.917571067810059,85706860190,63936163545,34441378,47.0
2025-08-26,111802.65625,4600.4267578125,6.720020771026611,69396320317,53829747706,121595155,48.0
2025-08-27,111222.0625,4503.39306640625,7.35404109954834,62137056409,43509902322,594935465,51.0
2025-08-28,112544.8046875,4507.177734375,7.688756942749023,58860155962,36045274078,498441046,48.0
2025-08-29,108410.8359375,4360.15283203125,6.9544878005981445,77843379644,46899991962,133168422,50.0
2025-08-30,108808.0703125,4374.1533203125,7.0859479904174805,51486264208,25883112278,76079200,39.0
2025-08-31,108236.7109375,4390.01904296875,6.8529181480407715,47986191770,26683044984,41922390,48.0
2025-09-01,109250.59375,4314.47021484375,6.603978157043457,66870372995,37530746508,36960056,46.0
2025-09-02,111200.5859375,4325.36572265625,6.702122211456299,74776999491,39884692334,25034775,49.0
2025-09-03,111723.2109375,4450.38916015625,7.156649112701416,61119643565,35260873497,64007908,55.0
2025-09-04,110723.6015625,4298.744140625,6.625454902648926,60131132901,34919798552,39744390,51.0
2025-09-05,110650.984375,4306.98876953125,6.848452091217041,60241647677,44163736676,32574697,48.0
2025-09-06,110224.6953125,4274.2421875,6.945291042327881,21500719036,18108246446,87570593,48.0
2025-09-07,111167.6171875,4305.34765625,6.989325046539307,24618007520,17426783536,44122814,44.0
2025-09-08,112071.4296875,4308.072265625,7.041851043701172,40212813407,32277142378,32464338,51.0
2025-09-09,111530.546875,4309.04150390625,7.1016998291015625,45984480722,30703320925,45617668,48.0
2025-09-10,113955.359375,4349.14599609375,7.065688133239746,56377473784,39521365146,29812108,49.0
2025-09-11,115507.5390625,4461.2333984375,7.191732883453369,45685065332,35959212991,31407260,54.0
2025-09-12,116101.578125,4715.24609375,7.329067230224609,54785725894,43839753626,25998620,57.0
2025-09-13,115950.5078125,4668.1796875,7.347236156463623,34549454947,34843845977,28998382,52.0
2025-09-14,115407.65625,4609.59765625,7.008571147918701,32798036057,28394160275,20711996,55.0
2025-09-15,115444.875,4526.8203125,6.754230976104736,52937859416,40224062009,25656513,53.0
2025-09-16,116843.1875,4503.564453125,6.780591011047363,45781744593,32761501436,16711021,52.0
2025-09-17,116468.5078125,4592.7333984375,7.0617828369140625,60528025996,44120899417,21422847,53.0
2025-09-18,117137.203125,4589.9189453125,7.155935764312744,49457272032,33497259158,23355694,52.0
2025-09-19,115688.859375,4470.9169921875,6.761384010314941,38828473971,30352619653,19062329,53.0
2025-09-20,115721.9609375,4482.265625,6.888195991516113,22864449614,18056494322,13406582,48.0
2025-09-21,115306.09375,4451.3291015625,6.731723785400391,22495852193,19330306133,15200048,49.0
2025-09-22,112748.5078125,4202.87744140625,6.306612014770508,70684158591,58221334533,32333962,45.0
2025-09-23,112014.5,4165.50390625,6.299076080322266,47211853279,32460075911,20359758,43.0
2025-09-24,113328.6328125,4153.46923828125,6.206046104431152,48044595085,33538388785,17789847,44.0
2025-09-25,109049.2890625,3868.333984375,5.866116046905518,75528654284,68963092031,29225676,44.0
2025-09-26,109712.828125,4035.887939453125,6.1378068923950195,57738288949,47873508328,18384067,28.0
2025-09-27,109681.9453125,4018.658203125,6.038969039916992,26308042910,20382555776,11371570,33.0
2025-09-28,112122.640625,4141.4765625,6.196035861968994,33371048505,24631307054,15357459,37.0
2025-09-29,114400.3828125,4217.341796875,6.167142868041992,60000147466,38560429932,17940413,50.0
2025-09-30,114056.0859375,4145.95751953125,6.045482158660889,58986330258,37679153330,17612822,50.0
2025-10-01,118648.9296875,4351.1123046875,6.489428997039795,71328680132,46161664723,32968265,49.0
2025-10-02,120681.2578125,4487.923828125,6.593236923217773,71415163912,48074066058,30452582,64.0
2025-10-03,122266.53125,4514.87060546875,6.661065101623535,83941392228,49603450230,22346340,63.0
2025-10-04,122425.4296875,4489.197265625,6.488868236541748,36769171735,21832270764,15787633,71.0
2025-10-05,123513.4765625,4515.4228515625,6.42034912109375,73689317763,44880806324,20064382,74.0
2025-10-06,124752.53125,4687.771484375,6.63274621963501,72568881188,44992456374,18528136,71.0
2025-10-07,121451.3828125,4451.15185546875,6.276284217834473,76149412513,54879425294,21108803,70.0
2025-10-08,123354.8671875,4527.64794921875,6.46532678604126,65354305286,40456628235,17303930,60.0
2025-10-09,121705.5859375,4369.1435546875,6.255209922790527,74653009425,47903074596,16702420,70.0
2025-10-10,113214.3671875,3843.0087890625,4.45173978805542,153125018868,97736621123,87717492,64.0
2025-10-11,110807.8828125,3750.611572265625,4.618008136749268,110236934340,62475475938,80030420,27.0
2025-10-12,115169.765625,4164.427734375,5.316680908203125,93710414091,61216174681,60870746,24.0
2025-10-13,115271.078125,4245.4677734375,5.565831184387207,71582026739,50253782420,31597022,38.0
2025-10-14,113118.6640625,4125.412109375,5.378236770629883,92212917403,67094148347,25915870,38.0
2025-10-15,110783.1640625,3987.45947265625,5.178712844848633,72574132855,50462889453,22065322,34.0
2025-10-16,108186.0390625,3894.75439453125,4.9717020988464355,87306423067,49147390731,22003431,28.0
2025-10-17,106467.7890625,3832.558837890625,4.871909141540527,99703051669,57404271888,22452409,22.0
2025-10-18,107198.265625,3890.34619140625,4.932285785675049,37779905278,23815676385,10620287,23.0
2025-10-19,108666.7109375,3984.649658203125,5.048981189727783,47657008953,32870655221,13087887,29.0
2025-10-20,110588.9296875,3980.76025390625,5.167457103729248,63507793085,40224612563,14944944,29.0
2025-10-21,108476.890625,3876.76416015625,4.9519171714782715,101194375480,49960290350,17988832,34.0
2025-10-22,107688.5859375,3808.122314453125,4.802219867706299,80807013218,46173305673,18416994,25.0
2025-10-23,110069.7265625,3856.0263671875,4.908937931060791,54944076060,36361652714,10269683,27.0
2025-10-24,111033.921875,3934.5673828125,5.169629096984863,48160816980,34090708715,35569532,30.0
2025-10-25,111641.7265625,3953.470947265625,5.07740592956543,24707667305,15245229017,9748475,37.0
2025-10-26,114472.4453125,4157.9892578125,5.216355800628662,41708524143,29120786315,14111726,40.0
2025-10-27,114119.328125,4120.1220703125,5.0732011795043945,61761358733,40271333201,17547155,51.0
2025-10-28,112956.1640625,3982.262451171875,4.969840049743652,64528066504,39684155177,14740861,50.0
2025-10-29,110055.3046875,3903.35302734375,4.95921516418457,62192043469,35255876156,14085443,51.0
2025-10-30,108305.546875,3804.375244140625,4.620503902435303,69673964814,39981939289,17658288,34.0
2025-10-31,109556.1640625,3847.080322265625,4.709611892700195,60090359560,37800100395,13009549,29.0
2025-11-01,110064.015625,3874.18798828125,5.419618129730225,25871668762,17490279524,181402778,33.0
2025-11-02,110639.625,3911.063232421875,5.702213764190674,34284209459,20479611654,239076713,37.0
2025-11-03,106547.5234375,3602.30810546875,4.909596920013428,72852006359,53091469560,65102009,42.0
2025-11-04,101590.5234375,3292.574462890625,4.818812847137451,110967184773,76827517773,68190194,21.0
2025-11-05,103891.8359375,3425.171142578125,5.096077919006348,77584934804,46955882330,54770627,23.0
2025-11-06,101301.2890625,3312.2578125,5.284596920013428,63932752861,36731850433,51021593,27.0
2025-11-07,103372.40625,3435.301025390625,5.651288986206055,92168030081,42609994022,55310521,24.0
2025-11-08,102282.1171875,3400.3759765625,5.415187835693359,51446691095,23613870398,33824445,20.0
2025-11-09,104719.640625,3582.621337890625,5.348295211791992,59679243013,28821543888,20170298,22.0
2025-11-10,105996.59375,3568.4599609375,5.273655891418457,69585887229,35638045619,20180656,29.0
2025-11-11,102997.46875,3415.2822265625,5.117585182189941,71130078574,39734688531,42345489,26.0
2025-11-12,101663.1875,3413.09423828125,4.978628158569336,64347179408,34898956623,23260060,24.0
2025-11-13,99697.4921875,3232.757080078125,4.779489994049072,101546815416,50283416669,20511542,15.0
2025-11-14,94397.7890625,3103.78564453125,4.5544939041137695,114346441890,47003809463,24913552,16.0
2025-11-15,95549.1484375,3166.63134765625,4.676000118255615,38500716654,19932940649,14084102,10.0
2025-11-16,94177.078125,3092.847412109375,4.484556198120117,71086235862,30987886524,16496940,10.0
2025-11-17,92093.875,3024.538818359375,4.383048057556152,94186165724,41026793235,34460117,14.0
2025-11-18,92948.875,3122.97900390625,4.4607062339782715,101333569062,41581494270,18559807,11.0
2025-11-19,91465.9921875,3023.07080078125,4.3353800773620605,80350354656,40229739844,16859914,15.0
2025-11-20,86631.8984375,2831.777587890625,4.296037197113037,97970645638,43917885207,38647390,11.0
2025-11-21,85090.6875,2765.69921875,4.0361409187316895,129157506112,51476486049,35077447,14.0
2025-11-22,84648.359375,2767.607421875,3.97202205657959,40793099246,15408928941,19061295,11.0
2025-11-23,86805.0078125,2801.676025390625,3.9978129863739014,58083435576,20358404499,12764457,13.0
2025-11-24,88270.5625,2952.71337890625,4.122772216796875,74433896110,32491657389,15705784,19.0
2025-11-25,87341.890625,2957.936279296875,4.092738151550293,64837343545,23336017779,12760722,20.0
2025-11-26,90518.3671875,3027.81201171875,4.137380123138428,66496301869,21433162961,28576585,15.0
2025-11-27,91285.375,3014.542236328125,4.1901960372924805,57040622845,16972780500,31802475,22.0
2025-11-28,90919.265625,3032.304443359375,4.107954978942871,60895830289,20659958964,24474204,25.0
2025-11-29,90851.7578125,2991.685302734375,4.013247013092041,37921773455,12775481230,13803621,28.0
2025-11-30,90394.3125,2992.112548828125,4.019374847412109,38497902869,11530446514,11162440,28.0
2025-12-01,86321.5703125,2800.18896484375,3.7582929134368896,87962894424,36679598313,25131874,24.0
2025-12-02,91350.203125,2997.939697265625,3.919872999191284,78546798211,26593645111,17475876,23.0
2025-12-03,93527.8046875,3191.57177734375,4.062881946563721,77650204986,29949301036,16817858,28.0
2025-12-04,92141.625,3134.31640625,3.9146840572357178,64538402681,27434991113,12149412,26.0
2025-12-05,89387.7578125,3024.432861328125,3.743757963180542,63256398633,28000268228,13960655,28.0
2025-12-06,89272.375,3040.207763671875,3.8507909774780273,37994042405,10962819760,14388840,23.0
2025-12-07,90405.640625,3061.3017578125,3.7594099044799805,47394898960,20383496376,10987325,20.0
2025-12-08,90640.203125,3125.197998046875,3.815448045730591,57394099056,25262165670,10893521,20.0
2025-12-09,92691.7109375,3321.114990234375,3.929508924484253,66861721440,32012553374,14318399,22.0
2025-12-10,92020.9453125,3325.39013671875,3.809014081954956,65420694513,30694387989,12773267,26.0
2025-12-11,92511.3359375,3237.056884765625,3.674384117126465,64532834621,29066243707,15246815,29.0
2025-12-12,90270.4140625,3084.172607421875,3.5534520149230957,80275884583,24391003174,11675303,29.0
2025-12-13,90298.7109375,3116.6953125,3.6477959156036377,64237748110,9916869400,8414561,23.0
2025-12-14,88175.1796875,3060.5947265625,3.4667348861694336,50465972205,15619543350,10204823,21.0
2025-12-15,86419.78125,2964.18310546875,3.332226037979126,45559514323,28765976892,15153827,16.0
2025-12-16,87843.984375,2964.180908203125,3.321223020553589,41262178223,22709189818,11445227,11.0
2025-12-17,86143.7578125,2831.403564453125,3.145353078842163,44243392914,26159825528,12889643,16.0
2025-12-18,85462.5078125,2827.069091796875,3.013345956802368,52667115348,29194181349,14628848,17.0
2025-12-19,88103.3828125,2977.970703125,3.1471309661865234,46733310561,27870687989,13426324,16.0
2025-12-20,88344.0,2977.58251953125,3.1651809215545654,14688196659,7612418215,9239867,20.0
2025-12-21,88621.75,3001.61376953125,3.0859320163726807,19845522660,11178096676,14035835,20.0
2025-12-22,88490.015625,3006.07373046875,3.026698112487793,38047472118,20342034264,12060976,25.0
2025-12-23,87414.0,2963.3740234375,2.9406349658966064,43683011533,21453213168,15477254,24.0
2025-12-24,87611.9609375,2945.590576171875,2.8979969024658203,25550297986,13984770325,11141219,24.0
2025-12-25,87234.7421875,2903.57958984375,2.8107290267944336,19953216347,11828871179,11177549,23.0
2025-12-26,87301.4296875,2925.74560546875,2.820357084274292,42455674908,18562196049,10309615,20.0
2025-12-27,87802.15625,2947.998291015625,3.0083858966827393,13741199310,7378783299,73097362,23.0
2025-12-28,87835.8359375,2948.568115234375,2.885970115661621,15156557929,9227601389,14943363,24.0
2025-12-29,87138.140625,2934.538330078125,2.8361449241638184,48411625849,25957694515,16762190,24.0
2025-12-30,88430.1328125,2971.416748046875,3.006524085998535,35586356225,18816704381,20776177,23.0
2025-12-31,87508.828125,2967.03759765625,2.902843952178955,33830210616,16451891101,18591328,21.0
2026-01-01,88731.984375,3000.394287109375,3.01501202583313,18849043990,10268796662,12693193,20.0
2026-01-02,89944.6953125,3124.422607421875,3.120711088180542,46398906171,25242778003,15515606,28.0
2026-01-03,90603.1875,3125.91748046875,3.1735239028930664,20774828592,11460707919,14002998,29.0
2026-01-04,91413.4921875,3140.71044921875,3.1970150470733643,26770491368,13890479323,31832876,25.0
2026-01-05,93882.5546875,3226.13037109375,3.372107982635498,53376407252,27211995956,21783221,26.0
2026-01-06,93729.03125,3295.94677734375,3.42694091796875,52430605257,27853981622,19702707,44.0
2026-01-07,91308.0546875,3166.843994140625,3.2239980697631836,43461295053,22665982583,14643306,42.0
2026-01-08,91027.125,3104.382568359375,3.1198480129241943,42386697030,22760237888,14254001,28.0
2026-01-09,90513.1015625,3083.047119140625,3.126046895980835,38305906684,18879517395,15557152,27.0
2026-01-10,90386.6484375,3082.39599609375,3.2542619705200195,12385895282,6960662969,33583123,25.0
2026-01-11,90827.4609375,3118.88525390625,3.137204885482788,17165568977,10497219711,16641345,29.0
2026-01-12,91192.9921875,3092.3251953125,3.051248073577881,41346275358,21152711365,14432347,27.0
2026-01-13,95321.78125,3322.095458984375,3.4403629302978516,54980674354,27237310134,21986403,26.0
2026-01-14,96929.328125,3354.72265625,3.3519630432128906,60592490863,33926411912,24333301,48.0
2026-01-15,95551.1875,3317.101318359375,3.1652839183807373,53086363027,27598686935,16811550,61.0
2026-01-16,95525.1171875,3295.482177734375,3.274657964706421,33248170537,22732887284,14279208,49.0
2026-01-17,95099.921875,3308.8642578125,3.2529220581054688,16021715122,11206492253,12175392,50.0
2026-01-18,93634.4296875,3281.15771484375,3.093991994857788,20809781232,13557863288,14683401,49.0
2026-01-19,92553.59375,3186.62109375,2.973978042602539,39195241508,27956112545,18293361,44.0
2026-01-20,88310.90625,2935.605712890625,2.816338062286377,53072968031,32985301273,13572257,32.0
2026-01-21,89376.9609375,2978.901123046875,2.872812032699585,56330422434,35797876195,13304091,24.0
2026-01-22,89462.453125,2949.63330078125,2.810570001602173,35549685694,21993593333,9540391,20.0
2026-01-23,89503.875,2953.25634765625,2.838918924331665,38997586037,22417700837,11266571,24.0
2026-01-24,89110.734375,2948.74072265625,3.653378963470459,14558687712,8198666763,303418410,25.0
2026-01-25,86572.21875,2815.90234375,3.0722169876098633,36124986722,22414089670,96463509,25.0
2026-01-26,88267.140625,2926.45703125,3.2319719791412354,45329286974,29668620102,55383867,20.0
2026-01-27,89102.5703125,3022.2109375,3.221076011657715,38744942267,27976005223,33102223,29.0
2026-01-28,89184.5703125,3006.607421875,3.1693758964538574,39807419296,21751566455,18469578,29.0
2026-01-29,84561.5859375,2818.232666015625,3.0087409019470215,64653083162,37487198041,21733535,26.0
2026-01-30,84128.65625,2702.375244140625,2.918682098388672,72083816087,41877689970,18143024,16.0
2026-01-31,78621.1171875,2445.091796875,2.631840944290161,70479259159,47569532203,23057299,20.0
2026-02-01,76974.4453125,2267.96484375,2.543471097946167,53372509744,40358630560,14009840,14.0
2026-02-02,78688.765625,2344.356689453125,2.6405539512634277,75140589684,48844346396,22868494,14.0
2026-02-03,75633.546875,2227.558837890625,2.6339969635009766,68249110822,47906083919,15209350,17.0
2026-02-04,73019.703125,2143.504150390625,2.5908219814300537,67215363944,45219604814,14723812,14.0
2026-02-05,62702.09765625,1821.68310546875,2.241446018218994,125509410908,60381662655,20256439,12.0
2026-02-06,70555.390625,2063.386962890625,2.456731081008911,114674259489,64998454203,19881815,9.0
2026-02-07,69281.96875,2090.54931640625,2.4695210456848145,62347107663,41145430304,15482335,6.0
2026-02-08,70264.7265625,2088.762939453125,2.3965330123901367,39721722619,19541713443,11478503,7.0
2026-02-09,70120.78125,2103.567626953125,2.417819023132324,52081598792,26750982266,12235279,14.0
2026-02-10,68793.9609375,2019.4974365234375,2.365957021713257,40593063077,23267337087,10942307,9.0
2026-02-11,66991.96875,1940.621337890625,2.358844041824341,49671946030,23922680362,12316931,11.0
2026-02-12,66221.84375,1946.940673828125,2.343885898590088,44651071271,20106364835,12069959,5.0
2026-02-13,68857.84375,2048.52734375,2.5064001083374023,40820775886,20412430639,111761477,9.0
2026-02-14,69767.625,2086.009765625,2.509037971496582,36012397645,16925555543,19907876,9.0
2026-02-15,68788.1875,1966.04296875,2.388077974319458,40191152750,31030538835,22492059,8.0
2026-02-16,68843.15625,1997.917724609375,2.4998040199279785,33618145426,19219250473,31695012,12.0
2026-02-17,67494.21875,1992.1943359375,2.4750120639801025,34866936040,20929890501,14657890,10.0
2026-02-18,66425.3203125,1953.97412109375,2.352592945098877,33094301643,20187307041,10593011,8.0
2026-02-19,66957.5234375,1948.2010498046875,2.324644088745117,31492987019,17380103826,10914442,9.0
2026-02-20,68005.421875,1969.0223388671875,2.3597850799560547,47507867304,21682976627,12193522,7.0
2026-02-21,68003.765625,1973.7371826171875,2.350059986114502,18357635642,11561261802,8768662,8.0
2026-02-22,67659.390625,1957.805908203125,2.2670490741729736,17893536012,9488829492,7421267,9.0
2026-02-23,64616.73828125,1855.5028076171875,2.196331024169922,50953457309,23731172668,11098222,5.0
2026-02-24,64080.04296875,1852.969482421875,2.2437899112701416,40849331086,18475122228,40745674,8.0
2026-02-25,67960.125,2054.6279296875,2.400984048843384,53629234355,27717195805,20588086,11.0
2026-02-26,67453.7734375,2026.7926025390625,2.3487720489501953,42988597523,23327720766,11575188,11.0
2026-02-27,65881.796875,1930.7618408203125,2.3036789894104004,40283655942,21136821039,12112174,13.0
2026-02-28,66995.859375,1965.050537109375,2.326854944229126,42041497112,21675923669,11505779,11.0
2026-03-01,65738.1015625,1939.066650390625,2.2870519161224365,40733141929,23649071468,10579943,14.0
2026-03-02,68775.8515625,2027.2689208984375,2.3409199714660645,56698092052,26235436166,11104320,10.0
2026-03-03,68293.6484375,1982.7689208984375,2.293191909790039,47947999049,24100196312,9257988,14.0
2026-03-04,72710.578125,2126.50537109375,2.368623971939087,75073101274,33610946768,12415899,10.0
2026-03-05,70841.125,2071.60546875,2.345020055770874,51172841727,22383576284,14320920,22.0
2026-03-06,68136.4921875,1978.751220703125,2.2652499675750732,43776962871,19733648079,9804439,18.0
2026-03-07,67272.59375,1969.4554443359375,2.2198450565338135,23258701211,10236899078,8313688,12.0
2026-03-08,65969.78125,1936.604736328125,2.222867965698242,33195080116,16314032554,23458029,12.0
2026-03-09,68402.3828125,1992.938232421875,2.2572410106658936,49499875378,24015826480,12565916,8.0
2026-03-10,69926.921875,2037.1204833984375,2.2710371017456055,54003996096,23552353781,9769418,13.0
2026-03-11,70204.8828125,2051.5732421875,2.2632479667663574,45236859848,19031715359,9777074,15.0
2026-03-12,70493.4609375,2073.13623046875,2.2726449966430664,40871848129,20624954899,10915039,18.0
2026-03-13,70968.265625,2092.5634765625,2.2819299697875977,61167226505,29345212033,14038009,15.0
2026-03-14,71214.625,2097.086669921875,2.2634289264678955,22283546496,10073411269,10089087,16.0
2026-03-15,72789.9140625,2177.476318359375,2.32407808303833,27991268669,15333885132,10398582,15.0
2026-03-16,74861.0859375,2351.176025390625,2.428586959838867,55572438409,38938369545,14397235,23.0
2026-03-17,73922.4765625,2318.053466796875,2.390773057937622,49500721728,26737564550,12917454,28.0
2026-03-18,71245.578125,2203.671630859375,2.2879180908203125,46229011155,25617966362,14382763,26.0
2026-03-19,69912.7890625,2137.423828125,2.2325439453125,44631433398,24090913749,10419018,23.0
2026-03-20,70522.5859375,2146.4970703125,2.245682954788208,38299078407,17970488517,9255447,11.0
2026-03-21,68711.5234375,2076.68994140625,2.1661620140075684,21109354718,8654913047,7634227,12.0
2026-03-22,67845.2109375,2053.04833984375,2.1311581134796143,30108051508,16438149794,9576083,10.0
2026-03-23,70914.859375,2152.14599609375,2.22222900390625,51508669357,28509077302,10644055,8.0
2026-03-24,70517.859375,2155.704345703125,2.2095839977264404,40181522399,18389631713,9768042,11.0
2026-03-25,71309.8828125,2168.021484375,2.2238669395446777,35409791747,17086301657,8642516,14.0
2026-03-26,68791.625,2059.578369140625,2.140273094177246,38962070215,18628112246,9846691,10.0
2026-03-27,66338.375,1991.27197265625,2.0754048824310303,46483453594,19453998121,9499083,13.0
2026-03-28,66319.6953125,1992.694580078125,2.0618350505828857,20924883455,8641221084,7567091,12.0
2026-03-29,65954.921875,1982.5596923828125,2.033703088760376,21645889785,9451184647,10937560,9.0
2026-03-30,67776.1875,2074.087646484375,2.1068215370178223,36549259264,17167506432,9290301,8.0
